first_name,last_name,birth_date,from_date,to_date,title
Hilari,Morton,1/3/1965,3/10/1994,1/1/9999,Senior Staff
Ohad,Esposito,1/19/1965,8/6/1998,1/1/9999,Technique Leader
Dipayan,Seghrouchni,1/23/1965,3/30/1987,1/1/9999,Senior Staff
Kokou,Iisaka,1/1/1965,9/20/1987,1/1/9999,Senior Staff
Teunis,Noriega,1/9/1965,2/12/1999,1/1/9999,Technique Leader
Lech,Himler,1/19/1965,1/21/1992,1/1/9999,Senior Staff
Juyoung,Seghrouchni,1/24/1965,8/2/1993,1/1/9999,Senior Engineer
Keiichiro,Glinert,1/21/1965,9/16/1993,1/1/9999,Engineer
Rasiah,Sudkamp,1/10/1965,4/18/1995,1/1/9999,Senior Engineer
Morrie,Schurmann,1/30/1965,12/31/1998,1/1/9999,Staff
Kazuhiko,Sidou,1/16/1965,9/1/1991,1/1/9999,Technique Leader
Denny,Tchuente,1/3/1965,5/30/1991,1/1/9999,Assistant Engineer
Sudhanshu,Demian,1/3/1965,7/23/1994,1/1/9999,Senior Staff
Magdalena,Cannard,1/10/1965,4/22/1994,1/1/9999,Engineer
Caolyn,Setiz,1/22/1965,2/6/1990,1/1/9999,Senior Staff
Sastry,Marrevee,1/19/1965,9/25/1999,1/1/9999,Engineer
Nakhoon,Luga,1/14/1965,12/18/1986,1/1/9999,Senior Staff
Nikolaos,Kruskal,1/18/1965,12/17/1990,1/1/9999,Engineer
Bouchung,Bugrara,1/30/1965,6/18/1990,1/1/9999,Senior Staff
Arvin,Rabejac,1/17/1965,1/1/1994,1/1/9999,Engineer
Remmert,Schahn,1/14/1965,9/6/1986,1/1/9999,Senior Staff
Gaurav,Swick,1/21/1965,5/7/1996,1/1/9999,Assistant Engineer
Morris,Garigliano,1/15/1965,5/24/1995,1/1/9999,Senior Staff
Berry,DeMori,1/2/1965,12/27/1992,1/1/9999,Engineer
Yaghout,Kenevan,1/31/1965,9/15/2000,1/1/9999,Engineer
Zengping,Boreale,1/11/1965,12/16/1998,1/1/9999,Staff
Gennady,Roison,1/16/1965,12/6/1989,1/1/9999,Assistant Engineer
Filipp,Carrere,1/6/1965,1/9/1989,1/1/9999,Technique Leader
Mabhin,Calkin,1/31/1965,11/30/1989,1/1/9999,Engineer
Adil,Matzke,1/7/1965,5/8/1987,1/1/9999,Engineer
Filipp,Rousseau,1/19/1965,6/7/1995,1/1/9999,Engineer
Stafford,Honglei,1/3/1965,8/16/1998,1/1/9999,Staff
Surveyors,Crouzet,1/21/1965,4/24/1989,1/1/9999,Senior Staff
Taiji,Jarecki,1/9/1965,6/27/1991,1/1/9999,Engineer
Elzbieta,Morris,1/24/1965,7/12/1988,1/1/9999,Engineer
Satoru,Yoshizawa,1/19/1965,3/27/1994,1/1/9999,Senior Staff
Ziva,Kowalchuk,1/30/1965,6/13/1987,1/1/9999,Engineer
Utz,Heuter,1/18/1965,6/15/1986,1/1/9999,Senior Staff
Kazunori,Peak,1/23/1965,8/13/1999,1/1/9999,Senior Staff
Rafael,Skafidas,1/10/1965,3/28/1991,1/1/9999,Engineer
Vidar,Demri,1/12/1965,12/31/1999,1/1/9999,Staff
Candida,Benveniste,1/24/1965,1/20/1999,1/1/9999,Engineer
Christoph,Trystram,1/30/1965,10/15/1993,1/1/9999,Senior Staff
Otmar,Rothenberg,1/21/1965,3/14/1989,1/1/9999,Engineer
Jianhui,Cangellaris,1/21/1965,10/6/1991,1/1/9999,Assistant Engineer
Piyush,Danecki,1/21/1965,1/8/2000,1/1/9999,Engineer
Yongmin,Lanteri,1/1/1965,3/19/2002,1/1/9999,Senior Staff
Karsten,Azadmanesh,1/9/1965,11/29/1985,1/1/9999,Senior Engineer
Mohammed,Brizzi,1/4/1965,12/28/1991,1/1/9999,Senior Staff
Huai,Birch,1/29/1965,6/12/2002,1/1/9999,Assistant Engineer
Perla,Jumpertz,1/20/1965,8/24/1994,1/1/9999,Senior Staff
Jasminko,Bresenham,1/27/1965,1/19/1994,1/1/9999,Senior Staff
Barry,Unno,1/6/1965,11/16/1990,1/1/9999,Senior Staff
Manibrata,Genther,1/1/1965,1/15/1988,1/1/9999,Engineer
Hilari,Fairtlough,1/2/1965,12/15/1986,1/1/9999,Technique Leader
Jaana,Perez,1/26/1965,3/11/1996,1/1/9999,Technique Leader
Roddy,Rubsam,1/25/1965,9/19/1993,1/1/9999,Senior Engineer
Lubomir,Wroclawski,1/25/1965,7/25/1993,1/1/9999,Engineer
Zhonghui,Conta,1/4/1965,9/10/1994,1/1/9999,Staff
Anwar,Passafiume,1/12/1965,1/30/1987,1/1/9999,Senior Staff
Cordelia,Gischer,1/20/1965,3/14/1989,1/1/9999,Engineer
Ingmar,Basawa,1/19/1965,11/9/1991,1/1/9999,Senior Staff
Nevin,Rodham,1/28/1965,12/14/1998,1/1/9999,Senior Staff
Jiakeng,Kalorkoti,1/21/1965,12/25/1994,1/1/9999,Engineer
Zongyan,Dalphin,1/25/1965,4/23/1988,1/1/9999,Engineer
Wanqing,Krohm,1/19/1965,1/22/1991,1/1/9999,Senior Staff
Piyawadee,Leppanen,1/28/1965,2/25/1999,1/1/9999,Senior Staff
Shuji,Kandlur,1/25/1965,3/2/1990,1/1/9999,Engineer
Manu,Rosiles,1/28/1965,3/3/1998,1/1/9999,Senior Staff
Falguni,Pezzoli,1/15/1965,12/23/1996,1/1/9999,Engineer
Tooru,Veldwijk,1/27/1965,11/21/1993,1/1/9999,Senior Staff
Xinglin,Mitsuhashi,1/29/1965,12/14/1988,1/1/9999,Engineer
Chenxi,Sundgren,1/9/1965,9/2/1986,1/1/9999,Senior Engineer
Tua,Giveon,1/18/1965,9/9/1998,1/1/9999,Technique Leader
Xumin,Thorensen,1/6/1965,4/26/1998,1/1/9999,Staff
Gilbert,Calkin,1/14/1965,3/21/1988,1/1/9999,Senior Staff
Satoru,Vidal,1/30/1965,5/2/1998,1/1/9999,Assistant Engineer
Valery,Mersereau,1/22/1965,7/1/1998,1/1/9999,Assistant Engineer
Kolar,Steenbeek,1/17/1965,10/18/1986,1/1/9999,Senior Engineer
Jouko,Hellwagner,1/29/1965,10/23/2000,1/1/9999,Senior Engineer
Pranay,Giarratana,1/27/1965,9/29/1992,1/1/9999,Senior Engineer
Kousuke,Vecchio,1/24/1965,2/23/1990,1/1/9999,Engineer
Tetsushi,Conta,1/8/1965,7/4/1995,1/1/9999,Senior Staff
Mayuko,Skafidas,1/26/1965,4/19/1999,1/1/9999,Technique Leader
Leon,Potthoff,1/26/1965,12/8/1985,1/1/9999,Engineer
Randi,Avouris,1/28/1965,7/16/1986,1/1/9999,Engineer
Sailaja,Chvatal,1/11/1965,5/18/1999,1/1/9999,Staff
Gudjon,Majewski,1/8/1965,10/26/1999,1/1/9999,Senior Engineer
Yakkov,Samarati,1/6/1965,10/10/1997,1/1/9999,Senior Staff
Divine,Sidhu,1/4/1965,7/5/1989,1/1/9999,Senior Staff
Leandro,Gist,1/12/1965,2/3/1993,1/1/9999,Technique Leader
Abdelwaheb,Dulin,1/30/1965,8/5/1993,1/1/9999,Senior Engineer
Oksana,Zultner,1/1/1965,3/23/1991,1/1/9999,Senior Staff
Harngdar,Schapire,1/13/1965,11/9/1996,1/1/9999,Engineer
Mark,Lalonde,1/10/1965,11/24/1996,1/1/9999,Staff
Murthy,Peek,1/10/1965,10/30/2000,1/1/9999,Engineer
Terresa,Peres,1/8/1965,9/15/1990,1/1/9999,Senior Staff
Atreye,Stanger,1/17/1965,9/10/1993,1/1/9999,Assistant Engineer
Ingmar,Nannarelli,1/12/1965,6/10/1988,1/1/9999,Senior Staff
Radoslaw,Maliniak,1/16/1965,9/18/2001,1/1/9999,Staff
Tadahiko,Melton,1/23/1965,1/7/1995,1/1/9999,Engineer
Jessie,Thorelli,1/12/1965,12/16/1999,1/1/9999,Senior Staff
Steen,Fasbender,1/29/1965,2/14/1993,1/1/9999,Technique Leader
Anwar,Collette,1/15/1965,2/3/2001,1/1/9999,Senior Engineer
Angel,Sichman,1/8/1965,11/16/1988,1/1/9999,Senior Staff
Kyoichi,Callaway,1/5/1965,12/30/1990,1/1/9999,Senior Staff
Chinhyun,Bauknecht,1/31/1965,12/19/1986,1/1/9999,Senior Engineer
Naftaly,Foong,1/8/1965,5/10/1991,1/1/9999,Engineer
Felicidad,Kumaresan,1/28/1965,9/6/1994,1/1/9999,Senior Staff
Erzsebet,Shigei,1/10/1965,1/16/1995,1/1/9999,Senior Engineer
Moni,Kohling,1/16/1965,9/18/2001,1/1/9999,Staff
Ennio,Babu,1/27/1965,8/31/1994,1/1/9999,Senior Engineer
Bokyung,Stamatiou,1/12/1965,2/12/1991,1/1/9999,Technique Leader
Jiang,Waschkowski,1/4/1965,5/27/1989,1/1/9999,Engineer
Leif,Ashish,1/17/1965,10/14/1994,1/1/9999,Senior Staff
Chandrasekaran,Peek,1/31/1965,9/17/1990,1/1/9999,Engineer
Ashish,Talmon,1/30/1965,2/28/1999,1/1/9999,Engineer
Oscar,Kusalik,1/1/1965,5/11/1991,1/1/9999,Senior Staff
Ulf,Oberman,1/29/1965,3/15/1997,1/1/9999,Senior Engineer
Serif,Gladwell,1/21/1965,3/6/1987,1/1/9999,Senior Staff
Fen,Genin,1/2/1965,5/9/1986,1/1/9999,Senior Staff
Uma,Reinhard,1/4/1965,11/1/1997,1/1/9999,Staff
Hailing,Levergood,1/1/1965,1/12/2000,1/1/9999,Staff
Kotesh,Rajala,1/22/1965,6/23/1992,1/1/9999,Engineer
Jeong,Undy,1/22/1965,2/13/1985,1/1/9999,Senior Staff
Suzette,Butterworth,1/2/1965,2/19/1994,1/1/9999,Senior Engineer
Michaela,Randi,1/5/1965,11/23/1985,1/1/9999,Engineer
Masasuke,Babu,1/12/1965,3/31/1988,1/1/9999,Engineer
Fumiko,Deverell,1/14/1965,8/15/1987,1/1/9999,Senior Staff
JoAnne,Baez,1/14/1965,2/16/1987,1/1/9999,Senior Engineer
Huei,Orsini,1/14/1965,6/4/1986,1/1/9999,Engineer
Shuichi,Ruemmler,1/25/1965,4/8/1998,1/1/9999,Senior Staff
Martijn,Vendrig,1/8/1965,3/3/1997,1/1/9999,Senior Staff
Changho,Cappelli,1/8/1965,5/4/1996,1/1/9999,Staff
Rimon,Kawashima,1/7/1965,2/6/1992,1/1/9999,Senior Staff
Mahmut,Lampe,1/1/1965,5/11/1985,1/1/9999,Engineer
Otmar,Sudbeck,1/2/1965,7/22/1998,1/1/9999,Staff
Toshiki,Ghazalie,1/10/1965,12/5/1991,1/1/9999,Senior Staff
Sudhanshu,Boissier,1/7/1965,5/11/1985,1/1/9999,Engineer
Spyrose,Felder,1/20/1965,10/20/1997,1/1/9999,Senior Engineer
Harngdar,Bernardinello,1/20/1965,2/29/1988,1/1/9999,Engineer
Michaela,Ramsak,1/1/1965,12/21/1992,1/1/9999,Senior Staff
Shimshon,Aingworth,1/9/1965,4/13/1986,1/1/9999,Senior Staff
Marla,Cherinka,1/17/1965,12/1/1986,1/1/9999,Technique Leader
Petter,Thummel,1/25/1965,12/24/1995,1/1/9999,Technique Leader
Bikash,Buchter,1/20/1965,1/8/1996,1/1/9999,Senior Staff
Willard,Vernadat,1/6/1965,3/4/1997,1/1/9999,Engineer
Keung,Schapiro,1/11/1965,2/8/2001,1/1/9999,Senior Engineer
Xiong,Uhrik,1/20/1965,3/21/1988,1/1/9999,Senior Engineer
Yucai,Simmen,1/4/1965,10/13/1987,1/1/9999,Senior Staff
Shuji,Remmers,1/19/1965,12/18/1987,1/1/9999,Senior Staff
Brigham,Eterovic,1/29/1965,10/8/1994,1/1/9999,Engineer
Shaleah,Eickenmeyer,1/22/1965,10/9/1993,1/1/9999,Senior Staff
Yucel,Lortz,1/12/1965,2/21/1995,1/1/9999,Engineer
Maha,Waterhouse,1/13/1965,7/4/1997,1/1/9999,Senior Staff
Huei,Boguraev,1/26/1965,12/31/1993,1/1/9999,Senior Staff
Phillip,Oxenboll,1/11/1965,5/26/1999,1/1/9999,Engineer
Alenka,Ritcey,1/18/1965,2/9/1997,1/1/9999,Engineer
Maria,Eppinger,1/24/1965,1/30/1997,1/1/9999,Engineer
Mingzeng,Sadowski,1/16/1965,11/12/1989,1/1/9999,Senior Engineer
Mark,Schwaller,1/5/1965,8/10/1994,1/1/9999,Senior Staff
Volkmar,Uhrik,1/21/1965,1/16/1988,1/1/9999,Engineer
Sariel,Wynblatt,1/16/1965,5/18/1996,1/1/9999,Assistant Engineer
Dulce,Speel,1/11/1965,10/19/1987,1/1/9999,Engineer
Zhaofang,Penn,1/26/1965,7/24/1997,1/1/9999,Senior Staff
Wuxu,Trogemann,1/5/1965,1/27/1997,1/1/9999,Senior Staff
Junsik,Berendt,1/10/1965,4/27/1988,1/1/9999,Senior Engineer
Tooru,Daescu,1/22/1965,3/20/1998,1/1/9999,Senior Staff
Pasqua,Maraist,1/31/1965,12/6/1993,1/1/9999,Engineer
Toong,Litecky,1/3/1965,3/1/1989,1/1/9999,Senior Staff
Marco,Usdin,1/25/1965,10/29/1996,1/1/9999,Engineer
Gonzalo,Binkley,1/10/1965,8/16/1985,1/1/9999,Engineer
Naraig,Jenevein,1/26/1965,1/18/1987,1/1/9999,Senior Engineer
Juyoung,Vieri,1/21/1965,8/12/1991,1/1/9999,Senior Staff
Edwin,Haldar,1/5/1965,7/12/1995,1/1/9999,Senior Staff
Sariel,Massonet,1/29/1965,11/20/1987,1/1/9999,Senior Staff
Hitomi,Schaap,1/12/1965,9/27/1999,1/1/9999,Staff
Leen,Lamparter,1/28/1965,6/7/1993,1/1/9999,Engineer
Yuichiro,Malabarba,1/23/1965,3/7/1994,1/1/9999,Senior Staff
Filipp,Akaboshi,1/5/1965,5/20/1992,1/1/9999,Senior Staff
Kazuhisa,Benantar,1/16/1965,3/30/1990,1/1/9999,Senior Staff
Filipp,Flanders,1/7/1965,11/26/1990,1/1/9999,Engineer
Lena,Peek,1/9/1965,5/16/1991,1/1/9999,Engineer
Tze,Bach,1/3/1965,3/9/1999,1/1/9999,Engineer
Siddarth,Cappelletti,1/14/1965,9/10/1999,1/1/9999,Staff
Baocai,Leaver,1/14/1965,8/5/1998,1/1/9999,Senior Staff
Xinan,Rindone,1/26/1965,10/8/1996,1/1/9999,Engineer
Mooi,Stafford,1/24/1965,10/6/1996,1/1/9999,Senior Engineer
Aron,Harbusch,1/12/1965,10/2/1997,1/1/9999,Staff
Boguslaw,Snedden,1/30/1965,2/20/1985,1/1/9999,Senior Staff
Marie,Khalid,1/6/1965,6/11/1996,1/1/9999,Senior Engineer
Chriss,Fasbender,1/29/1965,5/23/1995,1/1/9999,Staff
Theirry,Albarhamtoshy,1/29/1965,9/27/1991,1/1/9999,Senior Staff
Youngkon,Rohrbach,1/15/1965,10/20/1989,1/1/9999,Engineer
Rosine,Lakshmanan,1/29/1965,1/31/1986,1/1/9999,Engineer
Chikako,Armand,1/13/1965,5/18/1985,1/1/9999,Senior Engineer
Phule,Heijenga,1/14/1965,12/8/1996,1/1/9999,Senior Staff
Trygve,Krupka,1/20/1965,3/11/1994,1/1/9999,Senior Staff
Adas,Denti,1/28/1965,5/30/1986,1/1/9999,Senior Staff
Jouni,Munoz,1/21/1965,10/7/1996,1/1/9999,Senior Staff
Augustine,Mungall,1/25/1965,1/13/1994,1/1/9999,Engineer
Arup,Colorni,1/9/1965,2/5/1996,1/1/9999,Senior Staff
Shugo,Yurek,1/31/1965,8/28/1992,1/1/9999,Senior Staff
Alain,Penn,1/15/1965,5/3/1986,1/1/9999,Technique Leader
Khalil,Picci,1/31/1965,11/24/1998,1/1/9999,Engineer
Lobel,Werthner,1/22/1965,3/17/1988,1/1/9999,Engineer
Premsyl,Lortz,1/31/1965,2/1/1993,1/1/9999,Senior Staff
Eberhardt,Carrera,1/6/1965,2/23/1999,1/1/9999,Staff
Sham,Vasanthakumar,1/12/1965,5/24/1993,1/1/9999,Senior Staff
Zdislav,Mandelberg,1/20/1965,9/11/1994,1/1/9999,Engineer
Jiafu,Marchegay,1/30/1965,3/2/1985,1/1/9999,Engineer
Bodo,Schade,1/23/1965,2/14/1986,1/1/9999,Senior Staff
Arnould,Gaughan,1/27/1965,1/23/1991,1/1/9999,Engineer
Shaowen,Segond,1/1/1965,1/6/1986,1/1/9999,Engineer
Etsuo,Serot,1/19/1965,6/14/1989,1/1/9999,Senior Staff
Sumant,Nergos,1/29/1965,3/2/1994,1/1/9999,Senior Staff
Breannda,Cangellaris,1/13/1965,1/27/2000,1/1/9999,Staff
Adit,Syrotiuk,1/25/1965,7/16/1993,1/1/9999,Engineer
Shih,Lindqvist,1/2/1965,3/29/1995,1/1/9999,Senior Engineer
Jianwen,Litzler,1/23/1965,6/17/1987,1/1/9999,Engineer
Adin,Scallan,1/18/1965,9/15/1987,1/1/9999,Senior Staff
Makato,Remmers,1/11/1965,4/16/1989,1/1/9999,Engineer
Remzi,Douceur,1/19/1965,12/1/1992,1/1/9999,Engineer
Sigeru,Nivat,1/30/1965,10/24/1991,1/1/9999,Senior Staff
Olivera,Hanabata,1/27/1965,11/10/1986,1/1/9999,Senior Staff
Roded,Picco,1/28/1965,11/6/1993,1/1/9999,Assistant Engineer
Nagui,Gruenwald,1/9/1965,6/14/1997,1/1/9999,Engineer
Menkae,Chinin,1/14/1965,8/27/1998,1/1/9999,Senior Engineer
Sanjoy,Boudaillier,1/25/1965,12/27/1989,1/1/9999,Engineer
Bezalel,Karner,1/5/1965,9/27/1994,1/1/9999,Staff
Shigenori,Sullins,1/9/1965,2/24/1988,1/1/9999,Senior Staff
Mariusz,Vural,1/22/1965,11/14/1993,1/1/9999,Engineer
Ziya,Zambonelli,1/25/1965,6/29/1999,1/1/9999,Engineer
Yechiam,Cairo,1/22/1965,10/21/2000,1/1/9999,Senior Staff
Gennady,Liesche,1/4/1965,12/2/1987,1/1/9999,Senior Staff
Palash,Trelles,1/4/1965,11/18/1998,1/1/9999,Engineer
Ronnie,Pollock,1/8/1965,6/19/1990,1/1/9999,Technique Leader
Zita,Hiltgen,1/18/1965,1/26/1999,1/1/9999,Staff
Zsolt,Riefers,2/1/1965,9/25/1987,1/1/9999,Senior Staff
Steen,Salvesen,1/28/1965,2/3/1993,1/1/9999,Technique Leader
Heekeun,Emmart,1/16/1965,9/23/1995,1/1/9999,Assistant Engineer
Surveyors,Bade,2/1/1965,4/11/1990,1/1/9999,Senior Staff
Erzsebet,Claffy,1/23/1965,2/19/1999,1/1/9999,Staff
Jeanna,Stemann,1/19/1965,8/29/1988,1/1/9999,Engineer
Moty,Mersereau,1/2/1965,9/3/1991,1/1/9999,Senior Staff
Bedir,Siegrist,1/14/1965,5/13/1997,1/1/9999,Engineer
Rildo,Masaki,1/21/1965,1/14/1990,1/1/9999,Engineer
Tetsushi,Sridhar,1/9/1965,10/19/1989,1/1/9999,Senior Staff
Leszek,Werthner,1/30/1965,3/3/1999,1/1/9999,Staff
Cheong,Uhrik,1/9/1965,5/9/2002,1/1/9999,Engineer
Dannz,Ohori,1/1/1965,4/13/1997,1/1/9999,Senior Staff
Kasidit,Papsdorf,1/8/1965,8/17/1993,1/1/9999,Engineer
Woody,Rusmann,1/19/1965,2/26/1993,1/1/9999,Assistant Engineer
Heeju,Cappelli,1/24/1965,1/15/1987,1/1/9999,Engineer
Karlis,Nanard,1/31/1965,9/19/1992,1/1/9999,Engineer
Adel,Bressoud,1/1/1965,8/30/1995,1/1/9999,Engineer
Tetsushi,Tanemo,1/23/1965,3/1/1997,1/1/9999,Engineer
Hiroyasu,Seuren,1/14/1965,3/5/1989,1/1/9999,Senior Engineer
Hinrich,Scallan,1/15/1965,4/4/1999,1/1/9999,Staff
Heekeun,Slaats,1/31/1965,1/12/1999,1/1/9999,Senior Staff
Falguni,Cherinka,1/22/1965,10/15/1987,1/1/9999,Senior Engineer
Sedat,Itzigehl,1/26/1965,7/31/1997,1/1/9999,Engineer
Laurentiu,Benzmuller,1/11/1965,11/8/1999,1/1/9999,Senior Engineer
Golgen,Schoegge,1/24/1965,2/26/1988,1/1/9999,Senior Staff
Tsutomu,Rebaine,1/27/1965,9/17/1986,1/1/9999,Engineer
Atilio,Segond,1/23/1965,11/29/1990,1/1/9999,Engineer
Zsolt,Brender,1/7/1965,2/21/1996,1/1/9999,Senior Staff
Shin,Piveteau,1/29/1965,4/19/1985,1/1/9999,Engineer
Krister,Pappas,1/27/1965,9/30/1999,1/1/9999,Staff
Eldridge,Eldridge,1/6/1965,8/4/1994,1/1/9999,Engineer
Jeane,Tasistro,1/25/1965,7/6/1994,1/1/9999,Technique Leader
Aksel,Picaronny,1/23/1965,1/27/1991,1/1/9999,Engineer
Patricia,Pepe,1/7/1965,4/19/1991,1/1/9999,Senior Staff
Mandell,Alameldin,1/9/1965,4/8/1989,1/1/9999,Senior Staff
Domenico,Candan,1/4/1965,7/13/1997,1/1/9999,Engineer
Dung,Leaver,1/29/1965,4/4/1998,1/1/9999,Staff
Jianhao,Tomescu,1/18/1965,8/26/1996,1/1/9999,Engineer
Deniz,Thibadeau,2/1/1965,9/27/1994,1/1/9999,Engineer
Yonghong,Baig,1/16/1965,4/10/1999,1/1/9999,Staff
Aiman,Rosaz,1/21/1965,5/22/1990,1/1/9999,Engineer
Sadok,Lorys,1/18/1965,5/10/1987,1/1/9999,Senior Staff
Fumitaka,Roohalamini,1/11/1965,6/27/1998,1/1/9999,Staff
Aiman,Gargeya,1/7/1965,3/7/1985,1/1/9999,Engineer
Munenori,Debuse,1/27/1965,11/8/1990,1/1/9999,Senior Engineer
Yucai,Seghrouchni,1/26/1965,6/9/1989,1/1/9999,Engineer
Chinhyun,Rassart,1/28/1965,7/29/1993,1/1/9999,Senior Engineer
Jaques,DiGiano,1/25/1965,4/1/1992,1/1/9999,Technique Leader
Shietung,Shrader,1/26/1965,8/5/1995,1/1/9999,Senior Staff
Shuky,Redmiles,1/9/1965,11/19/1994,1/1/9999,Senior Staff
Miyeon,Rothe,1/22/1965,4/9/1991,1/1/9999,Senior Staff
Chinya,Cooke,1/24/1965,1/29/1997,1/1/9999,Engineer
Lalit,Unni,1/23/1965,1/31/1999,1/1/9999,Assistant Engineer
Tru,Miyakawa,1/12/1965,9/3/1990,1/1/9999,Senior Staff
Arumugam,Nitta,1/22/1965,3/23/1990,1/1/9999,Senior Engineer
Domenick,Basart,1/27/1965,1/5/1996,1/1/9999,Senior Staff
Sajjad,Vitiello,1/2/1965,2/17/1992,1/1/9999,Senior Staff
Pranjal,Schapiro,1/2/1965,12/14/1986,1/1/9999,Senior Staff
Kinh,Buchter,1/10/1965,3/29/1986,1/1/9999,Engineer
Cathie,Peck,1/15/1965,3/4/2001,1/1/9999,Engineer
Kristinn,Olano,1/1/1965,10/3/1989,1/1/9999,Senior Engineer
Hitomi,Takanami,1/31/1965,12/15/1997,1/1/9999,Assistant Engineer
Adil,Laventhal,1/2/1965,5/13/1992,1/1/9999,Assistant Engineer
Sajjad,Waeselynck,1/19/1965,9/13/1999,1/1/9999,Engineer
Feiyu,Siepmann,1/26/1965,10/1/1998,1/1/9999,Senior Engineer
Naraig,Veldwijk,1/10/1965,7/10/1989,1/1/9999,Engineer
Honglan,Hutton,1/24/1965,10/4/1993,1/1/9999,Engineer
Takahira,Szilard,1/22/1965,1/16/1988,1/1/9999,Senior Staff
Froduald,Feldhoffer,1/22/1965,3/16/1993,1/1/9999,Senior Engineer
Shigeo,Merey,1/15/1965,7/30/1985,1/1/9999,Senior Engineer
Qingxiang,Badache,1/14/1965,6/25/1989,1/1/9999,Engineer
Anneke,Bernardeschi,1/15/1965,10/15/2000,1/1/9999,Engineer
Holgard,Weiland,1/16/1965,9/24/1991,1/1/9999,Senior Engineer
Hiroyasu,Provine,2/1/1965,11/25/1994,1/1/9999,Engineer
Masako,Bonifati,1/1/1965,4/9/1987,1/1/9999,Senior Staff
Yuuichi,Conde,1/25/1965,3/8/1989,1/1/9999,Assistant Engineer
Shuky,Jakobus,1/11/1965,6/16/1986,1/1/9999,Engineer
Kyoichi,Erman,1/8/1965,7/25/1996,1/1/9999,Engineer
Kolar,Hinsberger,1/2/1965,10/20/1986,1/1/9999,Engineer
Arif,Preusig,1/10/1965,4/2/1992,1/1/9999,Senior Engineer
Tristan,Mitsuhashi,1/2/1965,7/13/1994,1/1/9999,Engineer
Faiza,Garnham,1/2/1965,3/2/1986,1/1/9999,Technique Leader
Xinglin,Birge,1/18/1965,3/5/1992,1/1/9999,Senior Staff
Niranjan,Schaaf,1/7/1965,11/5/1989,1/1/9999,Technique Leader
Ronghao,Picaronny,1/21/1965,6/9/1993,1/1/9999,Assistant Engineer
Ashish,Ratnaker,1/9/1965,1/17/2000,1/1/9999,Senior Staff
Susumu,Fritzsche,1/3/1965,6/23/1998,1/1/9999,Engineer
Leucio,Cappelli,1/28/1965,8/22/1997,1/1/9999,Staff
Conor,Ghandeharizadeh,1/15/1965,5/25/1985,1/1/9999,Senior Engineer
Katsuo,Hockney,1/24/1965,11/7/1999,1/1/9999,Technique Leader
Guiseppe,Ellozy,1/19/1965,1/12/1991,1/1/9999,Senior Engineer
Jeong,Cunliffe,1/24/1965,10/27/1996,1/1/9999,Senior Staff
Arnd,Peir,1/3/1965,12/11/1986,1/1/9999,Senior Engineer
Sanjoy,Barreiro,1/20/1965,4/9/1988,1/1/9999,Senior Staff
Fei,Murtagh,1/30/1965,1/19/1986,1/1/9999,Senior Staff
Kazuhisa,Weiland,1/19/1965,11/9/1985,1/1/9999,Senior Staff
Shakhar,Baik,1/22/1965,12/1/1993,1/1/9999,Staff
Stella,Figueira,1/17/1965,3/14/1990,1/1/9999,Senior Staff
Shaowen,Eldridge,1/25/1965,12/5/1987,1/1/9999,Senior Staff
Koldo,Luit,2/1/1965,4/16/1995,1/1/9999,Engineer
Shigeo,Linnainmaa,1/7/1965,7/30/1985,1/1/9999,Senior Engineer
Harjit,Bardell,1/27/1965,5/24/1991,1/1/9999,Engineer
Jaewon,Boissier,1/14/1965,5/24/1992,1/1/9999,Engineer
Larisa,Kornyak,1/13/1965,2/7/2000,1/1/9999,Technique Leader
Divine,Ghandeharizadeh,1/5/1965,11/28/1997,1/1/9999,Staff
Sreekrishna,Brender,1/10/1965,3/22/1990,1/1/9999,Engineer
Yechezkel,Perfilyeva,1/20/1965,11/3/1994,1/1/9999,Engineer
Poornachandra,Wilharm,1/25/1965,4/20/1991,1/1/9999,Engineer
Stevo,Thambidurai,1/26/1965,10/27/1989,1/1/9999,Senior Staff
Uwe,Koblick,1/27/1965,4/4/1998,1/1/9999,Engineer
Shigeu,Claffy,1/5/1965,12/19/1998,1/1/9999,Engineer
Alselm,Rikino,1/27/1965,11/16/1990,1/1/9999,Engineer
Francesca,Ellozy,1/7/1965,8/8/1999,1/1/9999,Senior Engineer
Shigeichiro,Engelmann,1/9/1965,1/9/1994,1/1/9999,Engineer
Breannda,Collavizza,1/4/1965,10/12/1989,1/1/9999,Engineer
Leaf,Baak,1/18/1965,9/5/1994,1/1/9999,Senior Staff
Ohad,Kilgore,1/27/1965,10/10/2000,1/1/9999,Engineer
Manohar,Harllee,1/23/1965,3/11/1987,1/1/9999,Senior Engineer
Zsolt,Hagimont,1/11/1965,10/8/1996,1/1/9999,Senior Staff
Babette,Eugenio,1/27/1965,9/21/1997,1/1/9999,Staff
Shuichi,Nanard,1/25/1965,3/14/1989,1/1/9999,Senior Engineer
Eberhardt,Barriga,1/18/1965,6/4/1987,1/1/9999,Senior Staff
Kristina,Baumann,1/23/1965,9/26/1996,1/1/9999,Assistant Engineer
Shiv,Aumann,1/20/1965,6/14/1998,1/1/9999,Senior Engineer
Tommaso,Vidya,1/17/1965,5/2/1998,1/1/9999,Engineer
Sverrir,Neimat,1/14/1965,11/3/1996,1/1/9999,Staff
Parke,Unno,1/22/1965,7/1/1996,1/1/9999,Engineer
Shin,Fujisaki,1/15/1965,2/23/1988,1/1/9999,Technique Leader
Ferdinand,Rosiles,1/18/1965,7/8/1997,1/1/9999,Senior Staff
Younwoo,Luders,1/6/1965,12/8/1998,1/1/9999,Engineer
Chiradeep,Callaway,1/14/1965,7/30/1999,1/1/9999,Staff
Yongdong,Pollock,1/9/1965,3/17/1998,1/1/9999,Staff
Udi,Merks,1/4/1965,8/15/1997,1/1/9999,Engineer
Pasqua,Taubman,1/30/1965,6/23/1986,1/1/9999,Senior Staff
Kristine,Clemencon,1/28/1965,6/1/1993,1/1/9999,Senior Staff
Ronghao,Segond,1/27/1965,9/13/1993,1/1/9999,Senior Engineer
Jaewon,Thummel,2/1/1965,9/14/1985,1/1/9999,Senior Staff
Oldrich,Woycyznski,1/9/1965,5/15/1985,1/1/9999,Engineer
Zhenhua,Lorys,1/1/1965,8/21/1995,1/1/9999,Engineer
JoAnne,Anido,1/15/1965,9/15/1995,1/1/9999,Staff
Keung,Neiman,1/16/1965,4/13/1997,1/1/9999,Staff
Quingbo,Coombs,1/7/1965,1/17/1999,1/1/9999,Senior Engineer
Khun,Janetzko,1/16/1965,9/13/1989,1/1/9999,Assistant Engineer
Yongmin,Roccetti,1/24/1965,12/10/1986,1/1/9999,Senior Staff
Conor,Thorensen,1/26/1965,2/24/1988,1/1/9999,Senior Engineer
Goo,Bresenham,1/9/1965,1/31/1999,1/1/9999,Senior Staff
Lena,Cannane,1/31/1965,1/28/2000,1/1/9999,Engineer
Jungsoon,Birsak,1/28/1965,4/3/1985,1/1/9999,Technique Leader
Vasiliy,Ratnaker,1/10/1965,8/9/1995,1/1/9999,Engineer
Vojin,Coombs,1/22/1965,7/23/1995,1/1/9999,Senior Staff
Mang,Hedayat,1/20/1965,5/22/1995,1/1/9999,Engineer
Otmar,Birjandi,1/24/1965,3/23/1985,1/1/9999,Engineer
Tetsushi,Theuretzbacher,1/26/1965,2/1/1990,1/1/9999,Senior Staff
Conal,Yetto,1/7/1965,1/12/1991,1/1/9999,Senior Staff
Along,Erol,1/15/1965,10/16/1992,1/1/9999,Senior Staff
Mansur,Comyn,1/13/1965,8/31/1999,1/1/9999,Engineer
Guther,Rothenberg,1/27/1965,8/8/1991,1/1/9999,Senior Staff
Pranjal,Rossi,1/20/1965,7/7/1998,1/1/9999,Staff
Aiman,Mawatari,1/27/1965,5/1/1988,1/1/9999,Engineer
Xiadong,Shinomoto,1/27/1965,5/24/1997,1/1/9999,Engineer
Alexius,Ibel,1/26/1965,4/24/1988,1/1/9999,Engineer
Arnould,Weedman,1/23/1965,7/28/1989,1/1/9999,Senior Staff
Vivian,Guerreiro,1/24/1965,7/8/1991,1/1/9999,Assistant Engineer
Renny,Bale,1/1/1965,11/22/1989,1/1/9999,Engineer
Bader,Denis,1/15/1965,10/6/1997,1/1/9999,Engineer
Koichi,Assaf,1/9/1965,5/26/1990,1/1/9999,Engineer
Fumiko,Chepyzhov,1/24/1965,1/28/1988,1/1/9999,Senior Staff
Yonghoan,Trogemann,1/29/1965,9/23/1988,1/1/9999,Assistant Engineer
Rajmohan,DasSarma,1/3/1965,9/14/1985,1/1/9999,Senior Staff
Kazuhisa,Melter,1/19/1965,7/16/1987,1/1/9999,Senior Staff
Lucien,Schwartzburd,1/4/1965,8/25/1988,1/1/9999,Engineer
Yahiko,Hebden,1/1/1965,10/3/1996,1/1/9999,Engineer
Gunilla,Milicic,1/13/1965,1/9/1998,1/1/9999,Staff
Lobel,Stafford,1/27/1965,11/29/1998,1/1/9999,Staff
Jamaludin,Nilsson,1/4/1965,1/15/1987,1/1/9999,Senior Staff
Dmitry,Msuda,1/29/1965,10/22/1988,1/1/9999,Senior Staff
Aria,Kilgore,1/4/1965,4/11/1992,1/1/9999,Engineer
Visit,McFarlan,1/24/1965,10/22/1987,1/1/9999,Engineer
Zhanqiu,Farrow,1/6/1965,1/10/1999,1/1/9999,Assistant Engineer
Ranga,Merro,1/18/1965,5/11/1996,1/1/9999,Assistant Engineer
Mang,Atchley,1/26/1965,6/7/1995,1/1/9999,Senior Staff
Claude,Candan,1/22/1965,8/4/1993,1/1/9999,Senior Staff
Anyuan,Kropatsch,1/11/1965,9/5/1986,1/1/9999,Senior Staff
Huei,Hutter,1/20/1965,1/28/1993,1/1/9999,Engineer
Jaques,Kabayashi,1/19/1965,3/13/1992,1/1/9999,Senior Engineer
Richara,Walston,1/11/1965,8/27/1996,1/1/9999,Senior Engineer
Magdalena,Penn,2/1/1965,1/4/1997,1/1/9999,Engineer
Arie,Coullard,2/1/1965,3/28/2000,1/1/9999,Senior Staff
Kristina,Neimat,1/13/1965,4/18/1988,1/1/9999,Technique Leader
Ramzi,Cronau,1/26/1965,9/3/1999,1/1/9999,Technique Leader
Aran,Cesareni,1/1/1965,11/20/2001,1/1/9999,Senior Staff
Hitofumi,Zaccaria,1/27/1965,11/22/1988,1/1/9999,Engineer
Heping,Matheson,1/13/1965,6/24/1988,1/1/9999,Engineer
Yishai,Cappelli,1/28/1965,1/30/1997,1/1/9999,Staff
Kristin,Guerreiro,1/18/1965,8/23/1989,1/1/9999,Engineer
Rasiah,Koblick,1/22/1965,8/21/1991,1/1/9999,Senior Staff
Alair,Lyonns,1/8/1965,7/12/1997,1/1/9999,Engineer
Gianluca,Ramaiah,1/13/1965,11/29/1993,1/1/9999,Engineer
Kristinn,Loncour,1/11/1965,2/8/1995,1/1/9999,Engineer
Nobuyoshi,Hegner,1/19/1965,9/7/1994,1/1/9999,Senior Staff
Kokou,Garrabrants,1/13/1965,11/5/1997,1/1/9999,Senior Engineer
Mohan,Tasistro,1/18/1965,2/10/1996,1/1/9999,Engineer
Arumugam,Vecchio,1/7/1965,8/14/1985,1/1/9999,Engineer
Jeanna,Chinen,1/9/1965,1/1/1989,1/1/9999,Engineer
Haldon,Janetzko,1/25/1965,9/11/1990,1/1/9999,Senior Staff
Avishai,Hegner,1/31/1965,5/8/1993,1/1/9999,Senior Staff
Sumali,Huttel,1/12/1965,9/12/1989,1/1/9999,Senior Staff
Ziya,Kadhim,1/16/1965,6/24/1999,1/1/9999,Senior Engineer
Florina,Assaf,1/29/1965,5/18/1996,1/1/9999,Staff
Shugo,Reeken,1/30/1965,6/21/1999,1/1/9999,Staff
Xiaobin,Christianini,1/13/1965,12/25/1985,1/1/9999,Senior Staff
Carrsten,Francisci,1/18/1965,6/16/1991,1/1/9999,Senior Engineer
Dhritiman,Anily,1/24/1965,12/16/1998,1/1/9999,Staff
Mahendra,Motley,1/30/1965,9/28/1985,1/1/9999,Senior Staff
Hisao,Peral,1/19/1965,10/3/1990,1/1/9999,Engineer
Heejo,Aamodt,1/18/1965,4/22/1992,1/1/9999,Engineer
Abdelaziz,Sury,1/14/1965,1/31/1991,1/1/9999,Senior Staff
Mori,Homond,1/22/1965,5/10/1994,1/1/9999,Senior Staff
Mantis,Millington,1/14/1965,3/18/1991,1/1/9999,Senior Staff
Adin,Templeman,1/3/1965,8/12/1999,1/1/9999,Engineer
Djenana,Albarhamtoshy,1/16/1965,7/16/1988,1/1/9999,Senior Staff
Visit,Swen,1/7/1965,10/2/1995,1/1/9999,Senior Staff
Susanne,Peternell,1/3/1965,7/27/1994,1/1/9999,Engineer
Beshir,Hellwagner,1/3/1965,2/3/1998,1/1/9999,Engineer
Heping,Halloran,1/31/1965,4/8/1992,1/1/9999,Assistant Engineer
Pranjal,Zyda,1/31/1965,7/3/1991,1/1/9999,Senior Staff
Werner,Lodder,1/29/1965,6/17/1992,1/1/9999,Senior Staff
Parviz,Litzler,1/7/1965,8/8/1992,1/1/9999,Engineer
Kwun,Reeker,1/1/1965,7/29/1999,1/1/9999,Technique Leader
Diederik,Matzov,1/29/1965,3/8/1995,1/1/9999,Engineer
Mohamadou,Stafford,1/8/1965,9/12/1995,1/1/9999,Engineer
Haldun,Lienhardt,1/1/1965,1/29/1987,1/1/9999,Senior Staff
Sachem,Cromarty,1/15/1965,8/20/1990,1/1/9999,Assistant Engineer
Naftali,Schurmann,1/14/1965,12/2/1992,1/1/9999,Engineer
Nevio,Thisen,2/1/1965,3/25/1988,1/1/9999,Senior Staff
Lijie,Garrabrants,1/31/1965,10/26/1988,1/1/9999,Senior Staff
Babette,Anandan,1/31/1965,11/22/1986,1/1/9999,Senior Staff
Siamak,Luiz,1/23/1965,2/11/1987,1/1/9999,Senior Engineer
Fabrizio,Chleq,1/23/1965,7/31/1999,1/1/9999,Senior Engineer
Shahab,Crooks,1/13/1965,3/18/1992,1/1/9999,Senior Staff
Ramya,Walston,1/26/1965,2/3/1989,1/1/9999,Senior Staff
Hisao,Ghemri,1/9/1965,11/14/1985,1/1/9999,Senior Staff
Randi,Samarati,1/24/1965,10/20/1992,1/1/9999,Senior Staff
Shai,Stellhorn,1/2/1965,5/21/1992,1/1/9999,Senior Engineer
Oksana,Baek,1/19/1965,7/20/1989,1/1/9999,Senior Staff
Jamaludin,Kandlur,2/1/1965,6/19/1992,1/1/9999,Senior Engineer
Gor,Delgrande,1/11/1965,6/18/2002,1/1/9999,Engineer
Moty,Winter,1/15/1965,4/28/1991,1/1/9999,Technique Leader
Bangqing,Schach,1/21/1965,3/22/1988,1/1/9999,Senior Staff
Menkae,Etalle,1/31/1965,5/21/1997,1/1/9999,Assistant Engineer
Stamatina,Auyong,2/1/1965,7/5/1988,1/1/9999,Senior Staff
Mani,Cannata,1/2/1965,6/21/1989,1/1/9999,Senior Staff
Arco,Walston,1/17/1965,8/16/1999,1/1/9999,Engineer
Hatem,Fadgyas,1/11/1965,11/13/1991,1/1/9999,Senior Engineer
Godehard,Chorvat,1/26/1965,4/10/1988,1/1/9999,Senior Staff
Chuanti,Luff,1/8/1965,9/21/1994,1/1/9999,Senior Staff
Akemi,Fujisaki,1/27/1965,11/13/2001,1/1/9999,Senior Engineer
Kirk,Quaggetto,1/10/1965,6/30/1987,1/1/9999,Engineer
Dinah,Denos,1/9/1965,9/21/1992,1/1/9999,Senior Staff
Susumu,Camurati,1/14/1965,12/15/1991,1/1/9999,Senior Staff
Alejandra,Khasidashvili,1/3/1965,7/30/1994,1/1/9999,Staff
Anneli,Perl,1/15/1965,9/8/1992,1/1/9999,Senior Staff
Fan,Kakkad,1/1/1965,2/25/1988,1/1/9999,Senior Staff
Genta,Terekhov,1/16/1965,7/21/1998,1/1/9999,Assistant Engineer
Waiman,Genin,1/12/1965,10/30/1988,1/1/9999,Engineer
Sudharsan,DeMori,1/2/1965,3/30/1992,1/1/9999,Engineer
Ortrun,Schmiedel,1/16/1965,7/18/1997,1/1/9999,Engineer
Gully,Perko,1/9/1965,7/7/1999,1/1/9999,Engineer
Zvonko,Murthy,1/13/1965,1/7/1992,1/1/9999,Senior Staff
Morris,Saoudi,1/5/1965,11/22/1991,1/1/9999,Engineer
Kerhong,Matzke,1/19/1965,11/14/1986,1/1/9999,Engineer
Isaac,Koshino,1/25/1965,9/28/1995,1/1/9999,Senior Engineer
Giordano,Pietrzykowski,1/17/1965,3/26/1987,1/1/9999,Senior Staff
Hugh,Jonsson,1/3/1965,7/6/1991,1/1/9999,Senior Staff
Zongyan,Gips,1/2/1965,5/31/1997,1/1/9999,Technique Leader
Ewing,DiGiano,1/21/1965,2/1/2000,1/1/9999,Technique Leader
Sasan,Thimonier,1/30/1965,8/21/1996,1/1/9999,Senior Staff
Yefim,Marwedel,1/23/1965,3/30/1993,1/1/9999,Senior Staff
Jessie,Nooteboom,1/10/1965,12/13/2000,1/1/9999,Staff
Susuma,Bergere,1/22/1965,2/25/1996,1/1/9999,Senior Staff
Arve,Worfolk,1/9/1965,4/1/1985,1/1/9999,Senior Staff
Gretta,Huttel,1/3/1965,10/8/1990,1/1/9999,Senior Engineer
Hein,Lichtner,1/22/1965,5/2/1998,1/1/9999,Senior Staff
Franziska,Maginnis,1/27/1965,2/17/1986,1/1/9999,Engineer
Susanne,Mandelberg,1/22/1965,11/2/1990,1/1/9999,Engineer
Yahiko,Awdeh,1/26/1965,8/5/1998,1/1/9999,Engineer
Moni,Kornyak,1/23/1965,9/26/1991,1/1/9999,Technique Leader
Leszek,Spinelli,1/5/1965,12/10/1998,1/1/9999,Staff
Mary,Setiz,1/4/1965,1/13/1989,1/1/9999,Senior Engineer
Stabislas,Broder,1/21/1965,7/16/1996,1/1/9999,Engineer
Kien,Barreiro,1/27/1965,10/24/2000,1/1/9999,Staff
Youjian,Yetto,1/31/1965,12/7/1994,1/1/9999,Senior Staff
Limsoon,Skafidas,1/31/1965,8/10/1999,1/1/9999,Senior Staff
Aiichiro,Kusalik,1/6/1965,10/4/1990,1/1/9999,Engineer
Yucai,Fabrizio,1/7/1965,10/6/1999,1/1/9999,Staff
Guadalupe,Pfau,1/12/1965,3/22/1993,1/1/9999,Senior Staff
Tzu,Sichman,1/21/1965,11/17/1987,1/1/9999,Engineer
Jacqueline,Akaboshi,1/20/1965,12/6/1997,1/1/9999,Engineer
Zhiguo,Ariola,1/13/1965,9/7/1994,1/1/9999,Senior Staff
Kellie,Schrooten,1/25/1965,1/17/1991,1/1/9999,Assistant Engineer
Shuji,Barbanera,1/4/1965,8/10/1987,1/1/9999,Senior Staff
Baziley,Falck,1/15/1965,2/18/1995,1/1/9999,Assistant Engineer
Chinya,Kamble,1/16/1965,5/31/1992,1/1/9999,Senior Staff
Remko,Vieth,1/7/1965,11/22/1990,1/1/9999,Senior Staff
Manu,Rothenberg,1/9/1965,12/6/1988,1/1/9999,Engineer
Shen,Flanders,1/11/1965,7/3/1989,1/1/9999,Senior Staff
Larisa,Lukaszewicz,1/27/1965,10/30/1996,1/1/9999,Senior Staff
Phillip,Schade,1/23/1965,3/3/1989,1/1/9999,Engineer
Pranjal,Juneja,1/30/1965,3/21/1985,1/1/9999,Senior Engineer
Xinyu,Edelhoff,1/5/1965,10/26/1997,1/1/9999,Senior Engineer
Krassimir,Garnier,1/19/1965,1/26/1998,1/1/9999,Senior Staff
Dante,Covnot,1/9/1965,5/28/1989,1/1/9999,Senior Staff
Nimmagadda,Baak,1/17/1965,10/30/1987,1/1/9999,Assistant Engineer
Shalesh,Lovengreen,1/28/1965,9/29/1990,1/1/9999,Senior Staff
Lihong,Zeilberger,1/18/1965,4/28/1996,1/1/9999,Staff
Gino,Lagarias,1/19/1965,6/22/1997,1/1/9999,Engineer
Saniya,Stenning,1/25/1965,12/10/1986,1/1/9999,Senior Staff
Werner,Ranze,1/31/1965,6/5/1998,1/1/9999,Staff
Domenico,Ratnaker,1/8/1965,3/24/1985,1/1/9999,Engineer
Gao,Ranze,1/12/1965,11/24/1994,1/1/9999,Engineer
Anwar,Bain,1/7/1965,1/22/1989,1/1/9999,Engineer
Leni,Henders,1/11/1965,11/19/1993,1/1/9999,Senior Staff
Sailaja,Holburn,1/17/1965,3/4/1991,1/1/9999,Senior Staff
Claudi,Stanfel,1/16/1965,1/7/1996,1/1/9999,Engineer
Yongmao,Fontan,1/22/1965,7/26/1993,1/1/9999,Engineer
Tru,Danecki,1/10/1965,3/31/1997,1/1/9999,Staff
Pranas,Narwekar,1/4/1965,9/26/1985,1/1/9999,Engineer
Armond,Perly,2/1/1965,9/14/1989,1/1/9999,Engineer
Xiaoqiang,Cardazo,1/25/1965,5/28/1993,1/1/9999,Senior Staff
Rayond,Klassen,1/15/1965,9/11/1993,1/1/9999,Senior Staff
Peer,Molberg,1/29/1965,11/17/1996,1/1/9999,Engineer
Ingmar,Kohling,1/27/1965,4/25/1995,1/1/9999,Engineer
Shirish,Vickson,1/12/1965,10/24/1989,1/1/9999,Engineer
Arfst,Chepyzhov,1/28/1965,2/6/1989,1/1/9999,Engineer
Gopalakrishnan,Angel,2/1/1965,7/5/1997,1/1/9999,Engineer
Dinkar,Hoppenstand,1/12/1965,5/4/1994,1/1/9999,Engineer
Flemming,Kroha,1/16/1965,1/23/1995,1/1/9999,Staff
Munehiro,Manders,1/15/1965,5/18/1987,1/1/9999,Senior Staff
Sven,Speer,1/8/1965,7/8/1999,1/1/9999,Staff
Pramod,Loncour,1/30/1965,3/31/1987,1/1/9999,Senior Staff
Sahrah,Angiulli,1/24/1965,7/31/1986,1/1/9999,Senior Staff
Aiichiro,Cromarty,1/22/1965,6/10/1995,1/1/9999,Engineer
Byong,Gustavson,1/16/1965,3/12/1985,1/1/9999,Senior Engineer
Xiaocheng,Suermann,1/26/1965,12/15/1997,1/1/9999,Engineer
Ashish,Vidya,1/29/1965,6/16/1989,1/1/9999,Engineer
Lena,Lenart,1/22/1965,12/25/1990,1/1/9999,Senior Staff
Otmar,Engberts,1/11/1965,8/16/1993,1/1/9999,Senior Staff
Masami,Puoti,1/12/1965,1/21/2000,1/1/9999,Senior Engineer
Yuchang,Eldridge,1/21/1965,8/1/1986,1/1/9999,Senior Staff
Yannik,Spelt,1/5/1965,9/22/1992,1/1/9999,Technique Leader
Abdelwaheb,Denis,1/10/1965,9/10/1993,1/1/9999,Engineer
Horward,Marzano,1/14/1965,4/11/1996,1/1/9999,Staff
Jianhao,Molenaar,1/21/1965,10/22/1987,1/1/9999,Engineer
Panayotis,Lukaszewicz,1/2/1965,6/6/1989,1/1/9999,Engineer
Shay,Servieres,2/1/1965,8/6/1998,1/1/9999,Senior Staff
Mokhtar,Poupard,1/26/1965,2/2/1992,1/1/9999,Technique Leader
Jiong,Garnham,1/24/1965,1/2/1990,1/1/9999,Senior Staff
Unal,DuBourdieux,1/16/1965,3/13/1996,1/1/9999,Engineer
Kristine,Bierman,1/18/1965,5/13/1988,1/1/9999,Technique Leader
Aemilian,Kusalik,1/30/1965,5/27/1987,1/1/9999,Engineer
Marsal,Acton,1/6/1965,8/2/1995,1/1/9999,Staff
Subhrajyoti,Denna,1/29/1965,7/25/1996,1/1/9999,Staff
Moie,Zastre,1/22/1965,10/11/1991,1/1/9999,Technique Leader
Susanna,Reeken,1/16/1965,3/16/1998,1/1/9999,Senior Staff
Demos,Asser,1/17/1965,11/4/1985,1/1/9999,Senior Engineer
Reinhard,Slaats,1/9/1965,6/8/1994,1/1/9999,Engineer
Poorav,Laventhal,1/23/1965,8/16/1997,1/1/9999,Staff
Sibyl,Rabehasaina,1/6/1965,2/23/1998,1/1/9999,Senior Staff
Poornachandra,Zielinski,1/8/1965,2/13/1996,1/1/9999,Senior Staff
Yuping,Babb,1/23/1965,1/31/1995,1/1/9999,Senior Staff
Shigenori,Deville,1/25/1965,12/24/1992,1/1/9999,Technique Leader
Nahid,Gyimothy,1/7/1965,8/18/1995,1/1/9999,Staff
Perla,Orlowska,1/17/1965,10/13/1998,1/1/9999,Senior Engineer
Tesuya,dAstous,1/23/1965,11/29/1988,1/1/9999,Engineer
Saddek,Farris,1/13/1965,11/6/1990,1/1/9999,Senior Staff
Abdulah,Pocchiola,1/28/1965,8/28/1996,1/1/9999,Engineer
Djenana,Marrevee,1/6/1965,2/6/1994,1/1/9999,Engineer
Sangeeta,Kalefeld,1/17/1965,6/6/1990,1/1/9999,Senior Staff
Stein,Uludag,1/21/1965,1/30/1988,1/1/9999,Senior Staff
Miyeon,Billingsley,1/20/1965,12/5/1992,1/1/9999,Senior Engineer
Matt,Chvatal,1/20/1965,11/9/1994,1/1/9999,Senior Engineer
Valdiodio,Schlumberger,1/15/1965,8/7/1993,1/1/9999,Assistant Engineer
Badri,Schapire,2/1/1965,1/19/1998,1/1/9999,Assistant Engineer
Kazuhiko,Kushner,1/22/1965,8/1/1995,1/1/9999,Senior Engineer
Annemarie,Zallocco,1/10/1965,12/1/1996,1/1/9999,Engineer
Limsoon,Erol,1/10/1965,12/31/1997,1/1/9999,Senior Engineer
Gopalakrishnan,Suermann,1/28/1965,4/30/1991,1/1/9999,Engineer
Leaf,Awdeh,1/7/1965,10/2/1992,1/1/9999,Senior Staff
Hidefumi,Moehrke,1/20/1965,3/4/1998,1/1/9999,Staff
Chiranjit,Dredge,2/1/1965,9/5/1999,1/1/9999,Technique Leader
Annemarie,Bressoud,1/2/1965,6/23/1998,1/1/9999,Engineer
Perry,Chachaty,1/29/1965,7/22/1985,1/1/9999,Engineer
TRUE,Shobatake,1/24/1965,5/17/1996,1/1/9999,Senior Staff
George,Miake,1/5/1965,1/2/1988,1/1/9999,Senior Staff
Remmert,Quaggetto,1/14/1965,4/28/1992,1/1/9999,Senior Staff
Masasuke,Genin,1/13/1965,6/25/1994,1/1/9999,Assistant Engineer
Ipke,Kieras,1/8/1965,12/18/1995,1/1/9999,Engineer
Ramalingam,Remmele,1/26/1965,9/3/1999,1/1/9999,Senior Engineer
Mooi,Cooman,1/19/1965,6/7/1989,1/1/9999,Engineer
Giordano,Gini,1/28/1965,8/14/1993,1/1/9999,Technique Leader
Herbert,Erva,1/7/1965,9/6/1986,1/1/9999,Engineer
Gio,Murtha,1/12/1965,11/11/1986,1/1/9999,Engineer
Macha,Schnabel,1/11/1965,5/11/1988,1/1/9999,Engineer
Mikhail,Rousseau,1/30/1965,11/30/1998,1/1/9999,Staff
Garnik,Luce,1/23/1965,9/15/1998,1/1/9999,Staff
Francesca,Azuma,1/26/1965,6/8/1996,1/1/9999,Senior Staff
IEEE,Kroll,1/18/1965,2/17/1998,1/1/9999,Engineer
Yuriy,Plump,1/9/1965,9/8/1988,1/1/9999,Senior Staff
Bilhanan,Brendel,1/3/1965,12/23/1990,1/1/9999,Senior Staff
Nahla,Smailagic,1/11/1965,2/12/1993,1/1/9999,Engineer
Berry,Yurek,1/8/1965,8/16/1995,1/1/9999,Senior Staff
Fabrizio,Lichtman,1/21/1965,2/9/1987,1/1/9999,Engineer
Harjit,Terekhov,1/27/1965,10/19/1995,1/1/9999,Staff
Pohua,Tasistro,1/3/1965,11/4/1994,1/1/9999,Technique Leader
Paloma,Henseler,1/15/1965,6/11/1991,1/1/9999,Engineer
Gilbert,Kilgour,1/11/1965,4/5/1996,1/1/9999,Staff
Moni,Schach,1/3/1965,7/4/1986,1/1/9999,Senior Staff
Ewing,Millington,1/23/1965,9/28/1999,1/1/9999,Engineer
Jamaludin,Fordan,1/19/1965,2/6/1992,1/1/9999,Engineer
Tadahiro,Backhouse,1/7/1965,10/2/1991,1/1/9999,Engineer
Bezalel,Radivojevic,1/31/1965,7/2/1988,1/1/9999,Senior Staff
Renny,Alameldin,1/14/1965,9/28/1997,1/1/9999,Assistant Engineer
Yinghua,Lorho,1/31/1965,8/9/1991,1/1/9999,Senior Staff
Kolar,Puppo,1/15/1965,4/25/1990,1/1/9999,Engineer
Shahar,Negoita,1/17/1965,3/19/1994,1/1/9999,Senior Staff
Dietrich,Crabtree,1/14/1965,5/24/1986,1/1/9999,Senior Staff
Takushi,Brattka,1/2/1965,6/3/1999,1/1/9999,Staff
Trygve,Siksek,1/22/1965,11/9/1995,1/1/9999,Staff
Nectarios,Pramanik,1/28/1965,11/18/1999,1/1/9999,Assistant Engineer
Chandrasekaran,Pearson,1/7/1965,4/14/1995,1/1/9999,Staff
Goetz,Alvarado,1/28/1965,12/25/1988,1/1/9999,Engineer
Etsuo,Anandan,1/29/1965,12/13/1989,1/1/9999,Senior Staff
Nitsan,Rouquie,1/11/1965,8/1/1988,1/1/9999,Engineer
Barry,Ramsak,1/23/1965,9/7/1990,1/1/9999,Engineer
Tesuya,Bugrara,1/14/1965,2/13/1993,1/1/9999,Assistant Engineer
Alselm,Gargeya,1/20/1965,12/25/1987,1/1/9999,Senior Engineer
Khalid,Lenart,1/6/1965,12/24/1995,1/1/9999,Engineer
Fay,Sundgren,1/16/1965,7/7/1990,1/1/9999,Senior Staff
Etsuo,Usery,1/12/1965,3/2/1995,1/1/9999,Engineer
Cedric,Riefers,1/17/1965,9/8/1994,1/1/9999,Engineer
Zissis,Lodder,1/14/1965,5/27/2000,1/1/9999,Engineer
Kotesh,Chachaty,1/20/1965,3/25/1991,1/1/9999,Engineer
Baziley,Ballarin,1/30/1965,7/28/1987,1/1/9999,Senior Staff
Kellie,Heydon,1/1/1965,11/11/1985,1/1/9999,Engineer
Luerbio,Terkki,1/7/1965,5/14/1991,1/1/9999,Senior Staff
Foong,Aamodt,1/31/1965,6/28/1986,1/1/9999,Senior Engineer
Irena,Dratva,1/17/1965,9/7/1991,1/1/9999,Senior Staff
Sverrir,Gyimothy,1/21/1965,7/30/1995,1/1/9999,Senior Staff
Gro,Prochazka,1/6/1965,10/16/1992,1/1/9999,Engineer
Anneli,Joslin,1/9/1965,4/12/1987,1/1/9999,Senior Engineer
Gio,Heuser,1/5/1965,6/28/1992,1/1/9999,Senior Staff
Henk,Anger,2/1/1965,1/19/1993,1/1/9999,Senior Staff
Sampalli,Bergere,1/17/1965,4/8/1994,1/1/9999,Senior Engineer
Jayesh,Spinelli,1/3/1965,1/16/1999,1/1/9999,Senior Engineer
IEEE,Raczkowsky,1/31/1965,7/24/1996,1/1/9999,Technique Leader
Yechezkel,Maginnis,1/17/1965,12/11/1992,1/1/9999,Senior Staff
Insup,Reinhard,1/11/1965,4/8/1985,1/1/9999,Senior Staff
Almudena,Rijckaert,1/28/1965,2/16/1994,1/1/9999,Engineer
Huan,Olivero,1/27/1965,11/19/1999,1/1/9999,Staff
Adel,Foote,1/17/1965,3/20/2000,1/1/9999,Staff
Miomir,Frezza,1/12/1965,5/25/1991,1/1/9999,Technique Leader
Uno,Suppi,1/9/1965,12/27/1996,1/1/9999,Staff
Vishv,Angelov,1/10/1965,3/8/1988,1/1/9999,Senior Staff
Minghong,Cronin,1/9/1965,10/4/1987,1/1/9999,Senior Staff
Tadahiko,Pocchiola,1/11/1965,4/2/1996,1/1/9999,Staff
Abdulla,Kitai,1/13/1965,2/20/1987,1/1/9999,Senior Staff
Susumu,Brender,1/1/1965,4/17/1993,1/1/9999,Engineer
Vesna,Fairtlough,1/8/1965,5/7/2002,1/1/9999,Engineer
Sugwoo,Michaels,1/4/1965,8/2/1992,1/1/9999,Engineer
Arunas,Bugrara,1/15/1965,4/3/1997,1/1/9999,Assistant Engineer
Bilhanan,Dusink,1/23/1965,6/4/1988,1/1/9999,Senior Staff
Oscal,Ernst,1/30/1965,5/19/1992,1/1/9999,Senior Staff
Mizuhito,Kobara,2/1/1965,8/9/1996,1/1/9999,Senior Staff
TRUE,Tischendorf,1/24/1965,1/19/1986,1/1/9999,Engineer
Kolar,Greenaway,1/23/1965,11/14/1998,1/1/9999,Staff
Mack,Staylopatis,1/14/1965,4/2/1985,1/1/9999,Engineer
Temple,Cyre,1/2/1965,9/30/1992,1/1/9999,Senior Staff
Francesca,Chorvat,1/6/1965,3/17/1992,1/1/9999,Senior Staff
Cedric,Molenaar,1/23/1965,10/6/1990,1/1/9999,Engineer
Jagoda,Anguita,1/15/1965,5/11/1993,1/1/9999,Senior Engineer
Uri,Lampe,1/29/1965,12/11/2001,1/1/9999,Senior Staff
Emran,Miara,1/18/1965,5/2/1989,1/1/9999,Engineer
Atilio,Olivero,1/28/1965,9/4/1985,1/1/9999,Engineer
Limsoon,Boudaillier,1/30/1965,8/8/1999,1/1/9999,Senior Engineer
Bluma,Fetvedt,1/11/1965,11/14/2001,1/1/9999,Senior Staff
Herb,Murrill,1/9/1965,10/28/2001,1/1/9999,Senior Engineer
Tomokazu,Pargas,1/12/1965,11/15/1996,1/1/9999,Assistant Engineer
Richara,Sudkamp,1/5/1965,9/5/1989,1/1/9999,Senior Staff
Bingning,Iisaku,1/8/1965,6/26/1989,1/1/9999,Senior Staff
Kazuyasu,Levergood,1/11/1965,2/10/1996,1/1/9999,Engineer
Bowen,Deverell,1/2/1965,12/27/1998,1/1/9999,Senior Staff
Kazunori,Perz,2/1/1965,2/25/1999,1/1/9999,Senior Engineer
Abdulah,Lodder,1/4/1965,11/10/1996,1/1/9999,Senior Staff
Marjo,Delgrange,1/16/1965,6/24/1990,1/1/9999,Senior Staff
Arch,Basawa,1/9/1965,5/10/1998,1/1/9999,Staff
Mokhtar,Rebaine,1/10/1965,7/23/1991,1/1/9999,Senior Staff
Masoud,Suwa,1/22/1965,10/10/1998,1/1/9999,Senior Staff
Boaz,Seuren,1/31/1965,3/27/1987,1/1/9999,Senior Staff
Rosli,Butner,1/25/1965,3/20/1991,1/1/9999,Assistant Engineer
Poorav,Clouatre,1/27/1965,5/6/1996,1/1/9999,Senior Engineer
Shigenori,Hertweck,1/15/1965,4/13/1987,1/1/9999,Engineer
Arunachalam,Oppitz,1/4/1965,5/20/1986,1/1/9999,Senior Staff
Filipp,Winter,1/23/1965,10/24/1996,1/1/9999,Engineer
Gift,Bottner,1/31/1965,3/4/1995,1/1/9999,Senior Staff
Manohar,Kilgore,1/18/1965,11/17/1998,1/1/9999,Staff
Zhongwei,Melski,1/30/1965,9/4/1987,1/1/9999,Engineer
George,Casperson,1/9/1965,1/20/2000,1/1/9999,Staff
Alper,Tiemann,1/6/1965,10/29/1998,1/1/9999,Engineer
Shuzo,Czaja,1/4/1965,11/29/1997,1/1/9999,Staff
Tianruo,Strooper,1/9/1965,12/7/2001,1/1/9999,Senior Staff
Shih,Shanbhogue,1/27/1965,4/19/1998,1/1/9999,Staff
Seongbae,Schahn,1/17/1965,12/10/1992,1/1/9999,Senior Staff
Xiaobin,Narlikar,1/23/1965,2/14/1992,1/1/9999,Senior Staff
Tzu,Bakhtari,1/28/1965,3/18/1994,1/1/9999,Engineer
Masako,Bahk,1/16/1965,7/31/1997,1/1/9999,Engineer
Chiranjit,Constantine,1/4/1965,5/25/1997,1/1/9999,Engineer
Xiong,Anick,1/2/1965,4/23/1991,1/1/9999,Senior Staff
Abdelghani,Lagarias,1/15/1965,9/6/1985,1/1/9999,Engineer
Sajjan,Falby,1/5/1965,8/29/1996,1/1/9999,Staff
Jaana,Milicia,2/1/1965,6/2/1985,1/1/9999,Senior Staff
Snehasis,Muhlberg,2/1/1965,12/25/1994,1/1/9999,Senior Staff
Percy,Sudbeck,1/29/1965,8/29/1996,1/1/9999,Assistant Engineer
Hideyuki,Decleir,1/21/1965,5/4/1994,1/1/9999,Senior Engineer
Ute,Pokrovskii,1/26/1965,6/9/1997,1/1/9999,Staff
Ayonca,Matzov,1/16/1965,6/3/1988,1/1/9999,Engineer
Dmitry,Velardi,1/7/1965,10/20/1995,1/1/9999,Engineer
Nechama,Gaughan,1/12/1965,7/9/1993,1/1/9999,Assistant Engineer
Jolita,Neimat,1/4/1965,12/27/1993,1/1/9999,Engineer
Steen,Gubsky,1/15/1965,1/14/1989,1/1/9999,Senior Staff
Georgi,Luiz,1/21/1965,6/10/1991,1/1/9999,Engineer
Ranga,Sommen,1/27/1965,1/20/1989,1/1/9999,Senior Staff
Alexius,Plavsic,1/14/1965,1/17/2000,1/1/9999,Senior Engineer
Kish,Turnbull,1/27/1965,2/10/1987,1/1/9999,Engineer
Hinrich,Hooghiemstra,1/22/1965,10/5/1985,1/1/9999,Senior Staff
Yucel,Bernini,1/7/1965,2/19/1993,1/1/9999,Engineer
Pintsang,Impagliazzo,1/30/1965,5/6/1989,1/1/9999,Senior Staff
Divier,Kumaresan,1/11/1965,12/5/1992,1/1/9999,Senior Staff
Utpal,DuBourdieux,1/1/1965,11/19/1997,1/1/9999,Technique Leader
Shichao,Iwayama,1/20/1965,10/17/1989,1/1/9999,Assistant Engineer
Bezalel,Tsunoo,1/6/1965,6/17/1992,1/1/9999,Senior Staff
Moty,Sommen,1/5/1965,8/14/1990,1/1/9999,Senior Engineer
Mitsuyuki,Zockler,1/1/1965,9/14/1998,1/1/9999,Technique Leader
Chaosheng,Conta,1/1/1965,4/14/1997,1/1/9999,Assistant Engineer
Gill,Niizuma,1/7/1965,10/8/1994,1/1/9999,Engineer
Sanjeeva,Peron,1/1/1965,12/26/1993,1/1/9999,Engineer
Thodoros,Thimonier,1/13/1965,4/5/1995,1/1/9999,Engineer
Insup,Hainaut,1/5/1965,2/11/1998,1/1/9999,Staff
Stafford,Terlouw,1/28/1965,2/21/1999,1/1/9999,Assistant Engineer
Huiqun,Trystram,1/4/1965,5/10/1993,1/1/9999,Senior Engineer
Gunilla,Brendel,1/16/1965,4/10/1992,1/1/9999,Engineer
Armond,Lores,1/24/1965,9/16/1999,1/1/9999,Technique Leader
Tonny,Couchot,1/24/1965,12/12/1994,1/1/9999,Staff
Huan,Roccetti,1/18/1965,7/3/1985,1/1/9999,Senior Engineer
Oldrich,Cyre,1/20/1965,2/10/1985,1/1/9999,Engineer
Heejo,Merle,1/31/1965,9/4/1997,1/1/9999,Technique Leader
Halsur,Brodal,1/1/1965,11/22/1997,1/1/9999,Engineer
Hongzue,Barbanera,1/3/1965,6/17/1987,1/1/9999,Senior Staff
Ioana,Jakobus,1/3/1965,8/10/1990,1/1/9999,Engineer
Heather,Pehl,1/3/1965,9/15/1993,1/1/9999,Staff
Stabislas,Pardalos,1/24/1965,6/21/1989,1/1/9999,Engineer
Pascal,Bernatsky,1/6/1965,9/3/1988,1/1/9999,Senior Staff
Anyuan,Hanratty,1/22/1965,1/6/1988,1/1/9999,Senior Staff
Shaowei,Nicolson,1/1/1965,12/7/1986,1/1/9999,Senior Staff
Mountaz,Reinhart,1/7/1965,7/3/2001,1/1/9999,Engineer
Mariusz,Zolotykh,1/17/1965,7/28/1990,1/1/9999,Senior Staff
Weiwu,Butner,1/4/1965,2/14/1995,1/1/9999,Staff
Przemyslawa,Esposito,1/11/1965,2/27/1992,1/1/9999,Engineer
Xiaoqiang,Farrow,1/12/1965,1/1/1997,1/1/9999,Staff
Palash,Gammage,1/27/1965,10/23/1987,1/1/9999,Senior Staff
Xiahua,Gomatam,1/22/1965,12/1/1989,1/1/9999,Senior Engineer
Shuichi,Marrakchi,1/27/1965,8/21/1990,1/1/9999,Senior Staff
Conal,Magliocco,1/21/1965,5/9/1992,1/1/9999,Senior Staff
Stepehn,Bouloucos,1/24/1965,12/13/1993,1/1/9999,Senior Staff
Mingdong,Baar,1/28/1965,10/14/1991,1/1/9999,Technique Leader
Vugranam,Beausoleil,1/22/1965,5/14/1998,1/1/9999,Staff
Reinhold,Rahier,1/25/1965,10/9/1997,1/1/9999,Engineer
Hatem,Birsak,1/30/1965,4/10/1989,1/1/9999,Senior Staff
Sasan,Brookner,1/19/1965,9/3/1996,1/1/9999,Senior Staff
Dzung,Pargas,1/14/1965,5/17/1990,1/1/9999,Technique Leader
Masako,Kornatzky,1/30/1965,8/29/1987,1/1/9999,Senior Engineer
Jianhua,Huttel,1/8/1965,2/23/1998,1/1/9999,Engineer
Berni,Assaf,1/11/1965,9/8/1989,1/1/9999,Senior Staff
Mark,Lindqvist,1/23/1965,11/22/1990,1/1/9999,Engineer
Gila,Ramsak,1/21/1965,5/13/1997,1/1/9999,Senior Engineer
Volkmar,Czaja,1/16/1965,4/1/1992,1/1/9999,Senior Staff
Mrinalini,Holburn,1/16/1965,5/23/1987,1/1/9999,Senior Staff
Chinho,Bottner,1/22/1965,7/29/1985,1/1/9999,Assistant Engineer
Mayuko,Vural,1/3/1965,12/24/1997,1/1/9999,Staff
Lorien,Lagarias,1/30/1965,10/10/1985,1/1/9999,Senior Staff
Tamiya,Reutenauer,1/4/1965,4/10/1992,1/1/9999,Senior Engineer
Pramod,Bierman,1/4/1965,12/12/1997,1/1/9999,Engineer
Piyush,Gill,1/1/1965,2/20/1995,1/1/9999,Engineer
Hideo,Buchter,1/9/1965,5/1/1999,1/1/9999,Staff
Danny,Lowrie,1/22/1965,9/13/1995,1/1/9999,Technique Leader
Shakhar,Ranze,1/3/1965,5/29/1999,1/1/9999,Staff
Atreye,Kabayashi,1/9/1965,12/15/1986,1/1/9999,Senior Engineer
Mingsen,Lally,1/19/1965,12/4/1990,1/1/9999,Senior Engineer
Mechthild,Zongker,1/17/1965,7/26/1993,1/1/9999,Senior Staff
Fusako,Schwartzbauer,1/3/1965,4/7/1985,1/1/9999,Senior Staff
Zdislav,Solares,1/15/1965,12/14/1990,1/1/9999,Assistant Engineer
Baoqiu,Tomescu,1/25/1965,5/1/1996,1/1/9999,Senior Engineer
Leandro,Swist,1/3/1965,1/6/1991,1/1/9999,Senior Staff
Noritoshi,Bakhtari,1/13/1965,2/3/1993,1/1/9999,Senior Staff
Bogdan,Bahi,1/10/1965,2/13/1999,1/1/9999,Engineer
Navid,Staudhammer,1/3/1965,10/18/1992,1/1/9999,Senior Staff
Kensei,Salverda,1/4/1965,5/25/1993,1/1/9999,Engineer
Susuma,Kleiser,1/31/1965,8/2/1987,1/1/9999,Senior Staff
Miquel,Halloran,1/15/1965,1/14/1994,1/1/9999,Senior Staff
Fan,Marsiglia,1/20/1965,9/3/1989,1/1/9999,Engineer
Zsolt,Anily,2/1/1965,8/19/1985,1/1/9999,Senior Staff
Sumant,Nishimukai,1/15/1965,3/28/1991,1/1/9999,Senior Staff
Zvonko,Serdy,1/23/1965,6/24/1987,1/1/9999,Senior Staff
Anwar,Gubsky,1/8/1965,8/9/1993,1/1/9999,Senior Staff
Mart,Plumb,1/10/1965,4/21/1986,1/1/9999,Senior Staff
Mokhtar,Sabnani,1/11/1965,2/4/1997,1/1/9999,Senior Staff
Moie,Tempesti,1/9/1965,6/29/1991,1/1/9999,Senior Staff
Susuma,Tagansky,1/10/1965,1/22/1995,1/1/9999,Engineer
Jordanka,Axelband,1/6/1965,6/27/1994,1/1/9999,Senior Staff
Irena,Kaiserswerth,1/5/1965,9/5/1987,1/1/9999,Senior Staff
Narain,Mikschl,1/28/1965,11/2/1997,1/1/9999,Engineer
LiMin,Teitelbaum,1/7/1965,11/1/1990,1/1/9999,Engineer
Naftali,Kragelund,1/12/1965,5/16/1987,1/1/9999,Senior Staff
Ulises,Frolund,1/11/1965,7/26/1986,1/1/9999,Senior Staff
Shunichi,Baer,1/19/1965,2/4/1998,1/1/9999,Staff
Dannz,Zhang,2/1/1965,6/26/1991,1/1/9999,Senior Staff
Taisook,Kampfer,1/10/1965,11/30/1997,1/1/9999,Engineer
Odoardo,Tyugu,1/16/1965,11/7/1994,1/1/9999,Engineer
Tsutomu,Neiman,1/13/1965,7/31/1996,1/1/9999,Senior Staff
Gully,Mitchem,1/19/1965,1/22/1986,1/1/9999,Senior Staff
Surveyors,Muhling,1/5/1965,7/19/1999,1/1/9999,Engineer
Mitsuyuki,Isard,1/10/1965,2/27/2002,1/1/9999,Engineer
Holgard,Hegner,1/16/1965,7/15/1993,1/1/9999,Senior Staff
Minghong,Candan,2/1/1965,2/10/1994,1/1/9999,Assistant Engineer
Divine,Hofmeyr,1/26/1965,4/14/1989,1/1/9999,Technique Leader
Brigham,Asmuth,1/26/1965,1/23/1989,1/1/9999,Engineer
Wayne,Baba,1/10/1965,3/7/1998,1/1/9999,Engineer
Hongzhu,Beetstra,1/1/1965,8/18/1997,1/1/9999,Senior Staff
Gunilla,Matzen,1/13/1965,12/28/1990,1/1/9999,Senior Staff
Mingsen,Weiland,1/1/1965,10/12/1995,1/1/9999,Staff
Prodip,Ritcey,1/10/1965,9/10/1986,1/1/9999,Senior Staff
Ranga,Waymire,1/29/1965,1/27/1997,1/1/9999,Senior Staff
Yefim,Pettey,1/10/1965,8/7/1993,1/1/9999,Senior Staff
Satyanarayana,Brandsma,1/7/1965,12/8/1999,1/1/9999,Engineer
Vojin,Laventhal,1/21/1965,10/18/1991,1/1/9999,Engineer
Limsoon,Leppanen,1/16/1965,1/21/1993,1/1/9999,Engineer
Shen,Yamaashi,1/13/1965,2/19/1995,1/1/9999,Staff
Ayakannu,Heinisuo,1/22/1965,6/28/1986,1/1/9999,Senior Staff
Jiann,Munro,1/8/1965,5/18/1988,1/1/9999,Senior Engineer
Uma,Prampolini,1/29/1965,2/21/1991,1/1/9999,Engineer
Holgard,Stavenow,1/4/1965,2/28/1986,1/1/9999,Senior Staff
Mari,Swick,1/10/1965,4/8/1991,1/1/9999,Senior Staff
Sajjad,Vecchi,1/30/1965,6/2/1993,1/1/9999,Senior Staff
Isaac,Klerer,1/10/1965,3/19/1995,1/1/9999,Senior Staff
Atilio,Randi,1/27/1965,7/2/1988,1/1/9999,Engineer
Hideyuki,Flanders,1/27/1965,11/10/1988,1/1/9999,Engineer
Gift,Solares,1/1/1965,8/1/1995,1/1/9999,Senior Staff
Alois,Sanella,1/19/1965,3/13/1998,1/1/9999,Staff
Vitali,Rothenberg,1/3/1965,10/4/1989,1/1/9999,Senior Staff
Uzi,Kugler,1/9/1965,1/12/1991,1/1/9999,Senior Staff
Rayond,Schach,1/16/1965,4/22/1995,1/1/9999,Engineer
Herbert,Itzigehl,1/27/1965,7/4/1990,1/1/9999,Senior Engineer
Michaela,Fandrianto,1/22/1965,6/2/1986,1/1/9999,Senior Engineer
Boaz,Bottner,1/19/1965,2/6/1994,1/1/9999,Staff
Caolyn,Poujol,1/15/1965,12/3/1995,1/1/9999,Technique Leader
Sudhanshu,Toyoshima,1/7/1965,8/29/1987,1/1/9999,Senior Staff
Munenori,Shobatake,1/14/1965,1/10/1992,1/1/9999,Senior Staff
Jaana,Werthner,1/2/1965,7/27/1989,1/1/9999,Senior Staff
Jeanna,Ghandeharizadeh,1/26/1965,8/11/1990,1/1/9999,Senior Engineer
Maren,DuCasse,1/5/1965,11/29/1997,1/1/9999,Engineer
Niranjan,Debuse,1/9/1965,9/21/1992,1/1/9999,Engineer
Chiranjit,Lyonns,1/10/1965,12/24/1986,1/1/9999,Assistant Engineer
Niteen,Ebeling,1/24/1965,3/29/1988,1/1/9999,Senior Staff
Lenore,Badache,1/26/1965,11/24/1998,1/1/9999,Staff
Jahangir,Hofting,1/31/1965,9/28/1986,1/1/9999,Senior Staff
Kish,Herbst,1/13/1965,8/18/1996,1/1/9999,Staff
Heeju,Lorys,1/4/1965,12/27/1986,1/1/9999,Engineer
Zijian,Covnot,1/8/1965,9/13/1994,1/1/9999,Assistant Engineer
Khosrow,Sommen,1/6/1965,3/3/1990,1/1/9999,Senior Engineer
Parke,Staylopatis,1/29/1965,7/31/1993,1/1/9999,Engineer
Masanao,Papastamatiou,1/17/1965,11/25/1985,1/1/9999,Engineer
Alper,Shinomoto,1/16/1965,10/20/1997,1/1/9999,Engineer
Nahla,Serdy,1/25/1965,9/9/1993,1/1/9999,Senior Staff
Xinglin,Haldar,1/13/1965,7/20/1988,1/1/9999,Senior Staff
Nahum,Codenie,1/18/1965,6/14/1999,1/1/9999,Engineer
Zijian,Lammel,1/3/1965,7/1/1996,1/1/9999,Staff
Fay,Bellmore,1/5/1965,5/3/1989,1/1/9999,Engineer
Ishfaq,Mahmud,1/22/1965,11/29/1991,1/1/9999,Senior Staff
Pintsang,Fujisawa,1/25/1965,4/16/1996,1/1/9999,Senior Staff
Duri,Beznosov,1/3/1965,2/15/1988,1/1/9999,Senior Engineer
Oksana,Redmiles,1/15/1965,6/22/1985,1/1/9999,Engineer
Theron,Ressouche,1/4/1965,8/17/1988,1/1/9999,Engineer
Martijn,Azevdeo,1/21/1965,2/10/1988,1/1/9999,Senior Engineer
Gal,Ranta,1/11/1965,11/7/1992,1/1/9999,Engineer
Moto,Kobara,1/5/1965,12/12/1991,1/1/9999,Engineer
Anneke,Hammerschmidt,1/16/1965,1/30/1996,1/1/9999,Engineer
Xiaocheng,Kumaresan,1/2/1965,10/3/1994,1/1/9999,Staff
Lena,Kohling,1/27/1965,10/4/1986,1/1/9999,Engineer
Kellyn,Bage,1/9/1965,11/4/1994,1/1/9999,Senior Staff
Arnould,Buescher,1/2/1965,3/26/1998,1/1/9999,Engineer
Utpal,Zaumen,1/21/1965,2/25/1991,1/1/9999,Senior Staff
Jaques,Nanard,1/28/1965,7/16/1996,1/1/9999,Staff
Toshimitsu,Seuren,1/6/1965,1/19/1995,1/1/9999,Senior Staff
Behnaam,Bierbaum,1/26/1965,1/31/1999,1/1/9999,Engineer
Nahum,Nishimukai,1/27/1965,7/29/1994,1/1/9999,Engineer
Sigeru,Versino,1/24/1965,8/31/1998,1/1/9999,Engineer
Woody,Trelles,1/1/1965,5/23/1996,1/1/9999,Senior Engineer
Steve,Dengi,2/1/1965,9/15/1999,1/1/9999,Staff
Youjian,Felder,1/13/1965,7/15/1993,1/1/9999,Senior Staff
Elliott,Speer,1/5/1965,8/8/1998,1/1/9999,Engineer
Shigeaki,Gihr,1/1/1965,3/18/1994,1/1/9999,Engineer
Jovan,Hockney,1/18/1965,6/21/1990,1/1/9999,Engineer
Sailaja,Negoita,1/6/1965,1/20/1988,1/1/9999,Assistant Engineer
Aamod,Ranka,1/23/1965,12/7/1992,1/1/9999,Senior Staff
Vidar,Ozeki,1/9/1965,6/17/1996,1/1/9999,Technique Leader
Randi,Munos,1/23/1965,9/7/1990,1/1/9999,Senior Staff
Troy,Kobuchi,1/9/1965,2/12/1991,1/1/9999,Engineer
Kauko,Narwekar,1/22/1965,12/16/1985,1/1/9999,Engineer
Shay,Heystek,1/25/1965,4/1/1989,1/1/9999,Senior Staff
Masoud,Asmuth,1/11/1965,9/5/1994,1/1/9999,Staff
Yifei,Birjandi,1/16/1965,2/7/1994,1/1/9999,Senior Staff
Cristinel,Gerlach,1/2/1965,1/9/1996,1/1/9999,Engineer
Susumu,Swiss,1/21/1965,11/15/1991,1/1/9999,Senior Staff
Horward,Khasidashvili,1/31/1965,11/19/1998,1/1/9999,Senior Engineer
Bedrich,Rosenbaum,1/30/1965,1/27/1991,1/1/9999,Engineer
Bowen,Narwekar,1/20/1965,3/8/1985,1/1/9999,Senior Engineer
Fai,Maccarone,1/31/1965,10/30/1985,1/1/9999,Senior Staff
Soenke,Lemarechal,1/4/1965,9/4/1994,1/1/9999,Senior Staff
Hilari,Vecchio,1/9/1965,4/24/1993,1/1/9999,Senior Staff
Zijian,Rindone,1/22/1965,7/9/1989,1/1/9999,Senior Staff
Boalin,Byoun,1/15/1965,10/1/1990,1/1/9999,Senior Staff
Kwangjo,Menhardt,1/8/1965,1/11/1996,1/1/9999,Engineer
Gregory,Collavizza,1/25/1965,9/9/1987,1/1/9999,Senior Staff
Shaowen,Poulakidas,1/29/1965,4/15/1987,1/1/9999,Senior Staff
Tsvetan,Sherertz,1/3/1965,8/7/1989,1/1/9999,Assistant Engineer
Shigehiro,Oxenboll,1/9/1965,2/26/1986,1/1/9999,Senior Engineer
Lalit,Blokdijk,1/26/1965,2/1/1999,1/1/9999,Senior Engineer
Danai,Trelles,1/7/1965,8/26/1997,1/1/9999,Technique Leader
Siamak,Gomatam,1/30/1965,7/8/1998,1/1/9999,Engineer
Faiza,Bach,1/4/1965,9/13/1999,1/1/9999,Engineer
Menkae,Showalter,1/23/1965,8/9/1996,1/1/9999,Engineer
Khatoun,Pulkowski,1/9/1965,1/9/2002,1/1/9999,Engineer
Masaru,Huhdanpaa,1/17/1965,11/23/1996,1/1/9999,Engineer
Hongzue,Zultner,1/28/1965,2/22/1990,1/1/9999,Senior Staff
Georgi,Bednarek,1/27/1965,3/2/1994,1/1/9999,Engineer
Bernd,Thummel,1/4/1965,8/3/1989,1/1/9999,Assistant Engineer
Ziya,Tokunaga,1/10/1965,1/8/1986,1/1/9999,Engineer
Hideyuki,Slaats,1/12/1965,5/30/1987,1/1/9999,Senior Staff
Syozo,Maliniak,1/21/1965,6/6/1993,1/1/9999,Senior Staff
Moti,Steenbeek,1/24/1965,1/22/1987,1/1/9999,Engineer
Fumiya,Griswold,1/15/1965,6/12/1986,1/1/9999,Engineer
Sanjay,Litecky,1/25/1965,8/27/1995,1/1/9999,Engineer
Jungsoon,Bail,1/4/1965,2/18/1986,1/1/9999,Senior Staff
Takanari,Ermel,1/9/1965,1/11/1992,1/1/9999,Senior Staff
Marl,Fiebach,1/12/1965,7/26/1994,1/1/9999,Senior Staff
Claudi,Ruemmler,1/27/1965,8/13/1999,1/1/9999,Staff
Siddarth,Rosiles,1/14/1965,11/18/1985,1/1/9999,Senior Engineer
Ashish,Candan,1/4/1965,2/2/1992,1/1/9999,Senior Staff
Hironobu,Brodie,1/27/1965,12/21/1998,1/1/9999,Engineer
Vesna,Lammel,1/28/1965,10/8/1999,1/1/9999,Assistant Engineer
Caolyn,Ozeri,1/15/1965,7/29/1986,1/1/9999,Engineer
Fun,Keirsey,1/1/1965,7/9/1985,1/1/9999,Senior Staff
Kauko,Fujisawa,1/24/1965,9/13/1987,1/1/9999,Engineer
Xuejun,Pfau,1/15/1965,7/24/1985,1/1/9999,Senior Staff
Jacopo,Bellone,1/4/1965,3/13/1988,1/1/9999,Technique Leader
Moon,Pews,1/22/1965,8/6/1994,1/1/9999,Assistant Engineer
Eben,Calkin,1/28/1965,12/19/1996,1/1/9999,Senior Staff
Val,Barvinok,1/4/1965,1/2/1990,1/1/9999,Assistant Engineer
Chiranjit,Serot,1/18/1965,4/4/1997,1/1/9999,Staff
Kankanahalli,Ciolek,1/17/1965,12/26/1989,1/1/9999,Senior Staff
Shaz,Driscoll,1/29/1965,10/3/1998,1/1/9999,Staff
Mariangiola,Heyers,1/28/1965,8/4/1992,1/1/9999,Technique Leader
Charmane,Simmen,1/3/1965,3/7/1989,1/1/9999,Senior Staff
Dipayan,Geffroy,1/31/1965,9/17/1987,1/1/9999,Senior Engineer
Palash,Spieker,1/2/1965,5/11/1991,1/1/9999,Senior Staff
Kamakshi,Bahl,1/30/1965,12/22/1987,1/1/9999,Senior Engineer
Lokesh,Saoudi,1/16/1965,5/25/1999,1/1/9999,Senior Staff
Cathie,Ratnakar,1/12/1965,6/23/1996,1/1/9999,Senior Staff
Irena,Terkki,1/13/1965,3/11/1998,1/1/9999,Staff
Marc,Bahl,1/12/1965,6/18/1997,1/1/9999,Assistant Engineer
Sailaja,Fujisaki,1/13/1965,7/24/1995,1/1/9999,Assistant Engineer
King,Benzmuller,1/11/1965,9/4/1986,1/1/9999,Engineer
Florina,Litecky,1/11/1965,12/2/1985,1/1/9999,Senior Staff
Zita,Syang,2/1/1965,12/29/1998,1/1/9999,Staff
Fumitake,Sichman,1/9/1965,2/21/1991,1/1/9999,Senior Staff
Luisa,Itzfeldt,1/21/1965,1/23/1997,1/1/9999,Engineer
Denny,Shobatake,1/15/1965,6/22/1997,1/1/9999,Senior Staff
Patricio,Itzfeldt,2/1/1965,5/21/1985,1/1/9999,Senior Staff
Hilari,Christ,1/12/1965,10/7/1996,1/1/9999,Senior Staff
Angus,Jullig,1/31/1965,4/13/1989,1/1/9999,Engineer
Kamakshi,Manders,1/28/1965,8/5/1995,1/1/9999,Staff
Poornachandra,Asser,1/9/1965,11/7/1993,1/1/9999,Engineer
Bodo,Halevi,1/10/1965,5/30/1996,1/1/9999,Engineer
Danae,Kragelund,1/27/1965,5/20/1987,1/1/9999,Senior Staff
Oguz,Schurmann,1/16/1965,11/11/1986,1/1/9999,Assistant Engineer
Martins,Shokrollahi,1/30/1965,11/4/1986,1/1/9999,Engineer
Florian,Uhrig,1/6/1965,1/31/1987,1/1/9999,Senior Staff
Yannik,Falco,1/13/1965,1/15/1988,1/1/9999,Technique Leader
Shigehito,Duclos,1/20/1965,9/20/1987,1/1/9999,Engineer
Kersti,Granlund,1/21/1965,3/19/1995,1/1/9999,Engineer
Subhada,Janetzko,1/4/1965,1/25/1987,1/1/9999,Senior Engineer
Jeanna,Rettelbach,1/17/1965,2/14/1990,1/1/9999,Engineer
Weidon,Pollacia,1/28/1965,3/24/2002,1/1/9999,Senior Staff
Toshimitsu,Sluis,1/16/1965,2/18/1985,1/1/9999,Senior Engineer
Deborah,Kaminger,1/7/1965,6/4/1988,1/1/9999,Senior Staff
Krisda,Hainaut,1/19/1965,7/8/1995,1/1/9999,Senior Staff
Jeanna,Bratten,1/10/1965,7/26/1990,1/1/9999,Engineer
Valery,Babb,1/11/1965,10/19/1998,1/1/9999,Senior Engineer
Zengping,Kakkar,1/12/1965,7/22/1988,1/1/9999,Engineer
Anestis,Setlzner,1/9/1965,7/13/1985,1/1/9999,Engineer
Eberhardt,Spelt,1/31/1965,7/5/1997,1/1/9999,Staff
Manu,Junet,1/13/1965,4/20/1991,1/1/9999,Senior Staff
Basem,Beausoleil,1/16/1965,3/16/1998,1/1/9999,Engineer
Morris,Fargier,1/2/1965,6/29/1988,1/1/9999,Senior Staff
Yechezkel,Yurov,1/26/1965,11/16/2001,1/1/9999,Senior Engineer
Georgi,Portugali,1/25/1965,9/27/1987,1/1/9999,Technique Leader
Marek,Tomescu,1/9/1965,5/15/1995,1/1/9999,Engineer
Parviz,Picco,1/25/1965,4/16/1995,1/1/9999,Engineer
Malu,Ossenbruggen,2/1/1965,11/21/1986,1/1/9999,Senior Staff
Alexius,Crouzet,1/24/1965,10/5/1999,1/1/9999,Staff
Tommaso,Raczkowsky,1/25/1965,8/29/1996,1/1/9999,Staff
Fei,Erez,2/1/1965,4/2/1988,1/1/9999,Engineer
Shridhar,Chleq,1/1/1965,3/22/1986,1/1/9999,Assistant Engineer
Geoffrey,Ladret,1/5/1965,1/3/1994,1/1/9999,Engineer
Irene,Sethi,1/21/1965,8/12/2000,1/1/9999,Senior Engineer
Tsz,Daescu,1/19/1965,9/28/1994,1/1/9999,Staff
Uno,Solares,1/29/1965,9/22/1994,1/1/9999,Senior Staff
Mayuri,Werthner,1/13/1965,2/20/2001,1/1/9999,Senior Staff
Yongqiao,Cochrane,1/9/1965,10/27/1986,1/1/9999,Senior Staff
Jolita,Claffy,1/26/1965,12/24/1993,1/1/9999,Senior Engineer
Willard,Verspoor,1/6/1965,2/28/1999,1/1/9999,Engineer
Dekang,Tsunoo,1/15/1965,1/19/1995,1/1/9999,Technique Leader
Frazer,Candan,1/15/1965,3/5/1999,1/1/9999,Senior Engineer
Divier,Ishibashi,2/1/1965,9/22/1989,1/1/9999,Engineer
Xiadong,McClurg,1/11/1965,9/17/1985,1/1/9999,Senior Staff
Duri,Mitina,1/8/1965,3/4/1990,1/1/9999,Engineer
Kazuhisa,Riesenhuber,1/19/1965,10/6/1992,1/1/9999,Senior Engineer
Gudjon,Kalorkoti,1/18/1965,4/14/1994,1/1/9999,Engineer
Ronnie,Denos,1/17/1965,6/8/1992,1/1/9999,Engineer
Koichi,Grabner,1/6/1965,4/5/2000,1/1/9999,Senior Engineer
Otmar,Brandsma,1/29/1965,5/28/1987,1/1/9999,Engineer
Martine,Cangellaris,1/8/1965,4/28/1992,1/1/9999,Engineer
Goncalo,Barbanera,1/8/1965,9/1/1996,1/1/9999,Senior Staff
Mitsuyuki,Jeansoulin,1/15/1965,10/28/1999,1/1/9999,Senior Engineer
Leen,Peak,1/3/1965,11/20/1999,1/1/9999,Engineer
Hsiangchu,Taubenfeld,1/26/1965,4/17/1993,1/1/9999,Senior Staff
Mototsugu,Prampolini,1/9/1965,6/12/1988,1/1/9999,Senior Staff
Remco,Duclos,1/5/1965,4/18/1988,1/1/9999,Senior Staff
Harjit,Ernst,1/2/1965,4/26/1992,1/1/9999,Technique Leader
Mohamadou,Grabner,1/9/1965,11/25/1991,1/1/9999,Senior Staff
Marco,Jahnichen,1/24/1965,3/28/1995,1/1/9999,Senior Staff
Tadanori,Msuda,1/31/1965,2/20/1993,1/1/9999,Engineer
Wuxu,Kuhnemann,1/17/1965,8/19/1997,1/1/9999,Engineer
Bernd,Anick,1/3/1965,11/19/1988,1/1/9999,Senior Engineer
Elliott,Copas,1/22/1965,9/13/1994,1/1/9999,Engineer
Ipke,Schneeberger,1/21/1965,9/20/1985,1/1/9999,Engineer
Chinho,Delgrande,1/6/1965,11/7/1996,1/1/9999,Senior Staff
Dayanand,Wielonsky,1/28/1965,2/28/1999,1/1/9999,Staff
Juyoung,Willoner,1/17/1965,11/3/1989,1/1/9999,Senior Staff
Juyoung,Peltason,1/3/1965,9/1/1998,1/1/9999,Assistant Engineer
Shigeo,Emmart,1/22/1965,12/24/1995,1/1/9999,Assistant Engineer
Conal,Shackell,1/19/1965,2/23/1995,1/1/9999,Senior Staff
Mrinalini,Bierbaum,1/21/1965,3/12/1986,1/1/9999,Engineer
Alain,Lieberherr,1/8/1965,5/11/1987,1/1/9999,Engineer
Nectarios,Itschner,1/29/1965,3/2/1990,1/1/9999,Engineer
Adamantios,Heemskerk,1/22/1965,8/8/1986,1/1/9999,Senior Staff
Kannan,Meriste,1/15/1965,8/12/1992,1/1/9999,Senior Engineer
Nathalie,Luke,1/28/1965,9/16/1987,1/1/9999,Assistant Engineer
Tokuyasu,Xiaoshan,1/14/1965,9/19/1991,1/1/9999,Engineer
Gio,Orsini,1/2/1965,12/7/1988,1/1/9999,Senior Staff
Shooichi,Vandervoorde,1/3/1965,8/16/1996,1/1/9999,Engineer
Bouchung,Zaumen,1/3/1965,1/29/1999,1/1/9999,Senior Staff
Josyula,Motley,1/3/1965,3/26/1996,1/1/9999,Senior Engineer
Oscar,Oppitz,1/8/1965,7/27/2002,1/1/9999,Senior Staff
Arvin,Pusterhofer,1/8/1965,3/2/1995,1/1/9999,Engineer
Danel,Petereit,1/24/1965,2/21/1985,1/1/9999,Engineer
Kazuhiko,Gornas,1/2/1965,5/20/1993,1/1/9999,Senior Engineer
Kazuhide,Snedden,1/27/1965,6/14/1996,1/1/9999,Senior Engineer
Michaela,Otillio,1/11/1965,1/5/1994,1/1/9999,Engineer
Arunachalam,Magliocco,1/20/1965,12/23/1987,1/1/9999,Senior Staff
Ymte,Dalton,2/1/1965,11/22/1992,1/1/9999,Senior Staff
Heon,Broomell,1/15/1965,5/6/1998,1/1/9999,Staff
Ung,Orlowski,1/29/1965,7/22/1991,1/1/9999,Senior Staff
Susuma,Kitsuregawa,1/27/1965,5/28/1985,1/1/9999,Engineer
Mariangiola,Bolsens,1/28/1965,6/15/1985,1/1/9999,Senior Staff
Mabhin,Eastman,1/6/1965,8/2/1989,1/1/9999,Senior Staff
Frazer,Barbanera,1/19/1965,11/4/1986,1/1/9999,Senior Staff
Willard,Morrin,1/6/1965,5/27/1996,1/1/9999,Senior Staff
Raimond,Solovay,1/4/1965,10/3/1997,1/1/9999,Staff
Shawna,Krider,1/17/1965,3/9/1990,1/1/9999,Senior Staff
Khosrow,Erez,1/29/1965,2/11/1990,1/1/9999,Senior Staff
Shigeaki,Butner,1/26/1965,7/13/1996,1/1/9999,Senior Staff
Garnik,Randt,1/14/1965,12/23/1989,1/1/9999,Senior Staff
Zhaofang,Falster,1/7/1965,6/29/1994,1/1/9999,Senior Staff
Mariangiola,Bashian,1/13/1965,9/18/1999,1/1/9999,Engineer
Renny,Bednarek,1/2/1965,6/1/1987,1/1/9999,Senior Staff
Shichao,Thiria,1/3/1965,1/11/1989,1/1/9999,Assistant Engineer
Kenton,Miara,1/8/1965,3/13/2002,1/1/9999,Engineer
Jagoda,Uhrig,1/18/1965,9/1/1995,1/1/9999,Engineer
Takushi,Strehl,1/20/1965,10/4/1988,1/1/9999,Senior Staff
Uma,Stranks,1/8/1965,9/13/1991,1/1/9999,Senior Staff
Joydip,Krone,1/19/1965,2/8/1995,1/1/9999,Engineer
Tsutomu,Tetzlaff,1/31/1965,9/24/1987,1/1/9999,Senior Staff
Constantijn,Lichtman,1/27/1965,6/26/1994,1/1/9999,Senior Staff
Heping,Monarch,1/4/1965,4/15/1988,1/1/9999,Senior Staff
Mariusz,Tokunaga,1/30/1965,2/11/1985,1/1/9999,Senior Engineer
Seshu,Kolvik,1/1/1965,12/9/1988,1/1/9999,Technique Leader
Danco,Luff,1/14/1965,10/30/1997,1/1/9999,Engineer
Kagan,Dredge,2/1/1965,2/26/1994,1/1/9999,Engineer
Changho,Veevers,1/10/1965,3/3/1997,1/1/9999,Senior Staff
Theron,Itschner,1/19/1965,5/16/1985,1/1/9999,Senior Staff
Jacqueline,Zallocco,1/24/1965,12/17/1987,1/1/9999,Senior Staff
Xuejun,Reeker,1/19/1965,11/18/1988,1/1/9999,Senior Staff
Vasilis,Waleschkowski,1/11/1965,5/26/1996,1/1/9999,Engineer
Moni,Staudhammer,1/3/1965,3/23/1999,1/1/9999,Engineer
Alagu,Vieri,1/18/1965,8/23/1986,1/1/9999,Senior Staff
Paddy,Zumaque,1/3/1965,11/12/1995,1/1/9999,Senior Staff
Yongdong,Jiang,1/18/1965,1/31/1995,1/1/9999,Senior Staff
Paris,Range,1/15/1965,10/25/1989,1/1/9999,Senior Staff
Guther,Conia,1/30/1965,2/13/1999,1/1/9999,Engineer
Jahangir,Kroft,1/19/1965,6/11/1990,1/1/9999,Senior Staff
Shahaf,Luce,1/16/1965,4/6/1999,1/1/9999,Senior Staff
Kaijung,Mateescu,1/10/1965,11/18/1987,1/1/9999,Senior Staff
Supot,Badache,1/17/1965,8/17/1996,1/1/9999,Engineer
Danco,Rajala,1/31/1965,3/29/1991,1/1/9999,Senior Staff
Zejun,Broomell,1/13/1965,1/19/1995,1/1/9999,Engineer
Karsten,Kawashima,1/7/1965,3/15/1994,1/1/9999,Engineer
Huican,Lunn,1/7/1965,7/23/1986,1/1/9999,Senior Staff
Gaurav,Fendler,1/21/1965,2/15/1992,1/1/9999,Senior Staff
Sandeepan,Kulisch,1/13/1965,5/16/1997,1/1/9999,Engineer
Gopalakrishnan,Mawatari,1/25/1965,12/7/1997,1/1/9999,Senior Staff
Weijing,Viele,1/19/1965,10/3/1985,1/1/9999,Engineer
Utpal,Kemmerer,1/31/1965,12/4/1986,1/1/9999,Senior Staff
Mamdouh,Ramamoorthy,1/13/1965,1/13/2000,1/1/9999,Senior Engineer
Feiyu,Hemaspaandra,1/20/1965,6/4/1995,1/1/9999,Staff
Torsten,Ranta,1/20/1965,7/3/1995,1/1/9999,Engineer
Jaques,Navazio,1/25/1965,4/4/1989,1/1/9999,Senior Staff
Haldun,Compeau,1/21/1965,10/15/1997,1/1/9999,Senior Staff
Jaques,Gecsei,1/18/1965,7/13/1999,1/1/9999,Staff
Adil,Kieras,1/2/1965,7/20/1992,1/1/9999,Senior Engineer
Ronghao,Alpin,1/9/1965,9/11/1991,1/1/9999,Senior Staff
Jamaludin,Kalorkoti,1/12/1965,9/6/1998,1/1/9999,Senior Staff
Hatsukazu,Rosca,1/11/1965,8/2/1993,1/1/9999,Senior Staff
Ghassan,Androutsos,1/21/1965,12/26/1987,1/1/9999,Senior Staff
Theron,Billawala,1/23/1965,2/17/1989,1/1/9999,Assistant Engineer
Hugh,Senzako,1/27/1965,10/15/1992,1/1/9999,Technique Leader
Kazuyasu,Schmiedel,1/9/1965,9/7/1985,1/1/9999,Senior Staff
Mona,Luck,1/29/1965,5/11/1989,1/1/9999,Senior Staff
Alassane,Wolniewicz,1/28/1965,11/9/1993,1/1/9999,Engineer
Seshu,Hiraishi,1/8/1965,8/10/1994,1/1/9999,Senior Staff
Limsoon,Roohalamini,1/6/1965,11/26/1986,1/1/9999,Senior Staff
Subhada,Emmerich,1/9/1965,3/6/1996,1/1/9999,Engineer
Yongqiao,Francisci,1/6/1965,12/1/1999,1/1/9999,Engineer
Bartek,Vendrig,1/25/1965,6/6/1992,1/1/9999,Senior Staff
Fumiya,Chappelet,1/3/1965,9/3/1992,1/1/9999,Assistant Engineer
Ung,Honglei,1/6/1965,9/2/1986,1/1/9999,Senior Staff
Ranan,Marsiglia,1/30/1965,8/13/1999,1/1/9999,Staff
Renny,Gladwell,1/26/1965,2/27/1999,1/1/9999,Staff
Erzsebet,Setiz,1/22/1965,6/10/1993,1/1/9999,Engineer
Xiong,Roisin,1/7/1965,3/1/1988,1/1/9999,Engineer
Janalee,Lanzelotte,1/19/1965,12/1/1997,1/1/9999,Senior Staff
Kersti,Marsiglia,1/17/1965,2/19/1994,1/1/9999,Engineer
Khalil,Gien,1/6/1965,8/6/1991,1/1/9999,Senior Engineer
Masamitsu,Back,1/6/1965,4/12/1993,1/1/9999,Senior Staff
Visit,Thiran,1/31/1965,11/14/1986,1/1/9999,Engineer
Hideo,Varman,1/21/1965,6/19/1997,1/1/9999,Engineer
Poorav,Ranst,1/5/1965,6/1/1996,1/1/9999,Senior Engineer
Adamantios,Matzat,1/11/1965,3/1/1987,1/1/9999,Senior Staff
Arfst,Uehara,1/24/1965,7/10/1994,1/1/9999,Senior Staff
Alair,Straney,1/6/1965,11/15/1986,1/1/9999,Senior Staff
Kwangjo,Hiltgen,1/20/1965,12/22/1998,1/1/9999,Engineer
Arve,Bergere,1/30/1965,7/28/1987,1/1/9999,Engineer
Nitsan,Nollmann,1/19/1965,9/29/1993,1/1/9999,Engineer
Takahiro,Maquelin,1/21/1965,7/21/1997,1/1/9999,Engineer
Flemming,Driscoll,1/2/1965,5/28/1994,1/1/9999,Engineer
Toshiko,Ibel,1/16/1965,11/23/1996,1/1/9999,Senior Engineer
Qunsheng,Birrer,1/25/1965,5/13/1986,1/1/9999,Senior Staff
Bojan,Montresor,1/2/1965,2/4/1995,1/1/9999,Staff
Tomofumi,Serna,1/16/1965,10/23/1999,1/1/9999,Staff
Make,Olivero,2/1/1965,6/1/1991,1/1/9999,Assistant Engineer
Keiichiro,Miyakawa,1/6/1965,9/12/1993,1/1/9999,Senior Staff
Takushi,Skogmar,1/11/1965,6/7/1985,1/1/9999,Senior Staff
Sahrah,Rosis,1/15/1965,6/24/1994,1/1/9999,Engineer
Brigham,Borstler,1/10/1965,10/9/1995,1/1/9999,Staff
Moie,Lieblein,1/16/1965,7/12/1996,1/1/9999,Staff
Kazuhide,Fiutem,1/16/1965,5/10/1992,1/1/9999,Senior Staff
Feixiong,Schurmann,1/4/1965,2/15/1987,1/1/9999,Senior Staff
Berthier,Pramanik,1/21/1965,1/23/1993,1/1/9999,Senior Staff
Conal,Basart,1/16/1965,5/17/1991,1/1/9999,Senior Staff
Genta,Pepe,1/29/1965,4/12/1994,1/1/9999,Senior Staff
Dietrich,Kranzdorf,1/29/1965,10/4/1992,1/1/9999,Senior Staff
Olivera,Bharadwaj,1/9/1965,4/1/1992,1/1/9999,Senior Staff
Hercules,Speer,1/7/1965,3/7/1994,1/1/9999,Engineer
Subir,Greibach,1/8/1965,5/24/1992,1/1/9999,Senior Engineer
Ohad,Henders,1/24/1965,11/3/1990,1/1/9999,Senior Staff
Wojceich,Limongiello,1/30/1965,3/10/1988,1/1/9999,Senior Staff
Feixiong,Haraldson,1/13/1965,10/11/1998,1/1/9999,Staff
Dines,DeMori,1/17/1965,12/7/1987,1/1/9999,Senior Staff
Kazuhide,Biran,2/1/1965,1/25/1995,1/1/9999,Senior Staff
Sumant,Thambidurai,1/21/1965,8/24/1996,1/1/9999,Senior Staff
Erez,Luft,1/17/1965,12/14/1994,1/1/9999,Staff
Kerhong,Lorho,1/7/1965,3/17/2001,1/1/9999,Staff
Lena,Giaccio,1/1/1965,10/3/2001,1/1/9999,Senior Staff
Rasikan,Barreiro,1/19/1965,9/27/1991,1/1/9999,Senior Staff
Lidong,Swist,1/30/1965,9/16/1999,1/1/9999,Engineer
Mari,Plessier,1/28/1965,7/4/1997,1/1/9999,Senior Engineer
Kousuke,Levasseur,1/3/1965,3/16/1990,1/1/9999,Senior Staff
Gunilla,Kisuki,1/30/1965,8/14/1994,1/1/9999,Senior Staff
Douadi,Sullins,1/10/1965,9/25/1999,1/1/9999,Senior Staff
Sandeepan,Rosti,1/3/1965,11/26/1991,1/1/9999,Senior Engineer
Tzvetan,Scharstein,1/16/1965,6/16/1994,1/1/9999,Senior Staff
Snehasis,Kalsbeek,1/14/1965,1/6/1988,1/1/9999,Senior Staff
Filipp,Hasham,1/1/1965,10/14/1996,1/1/9999,Senior Staff
Fabrizio,Usery,1/18/1965,10/13/1992,1/1/9999,Senior Staff
Miquel,Legleitner,1/18/1965,6/28/1985,1/1/9999,Senior Staff
Chinho,Collette,1/10/1965,10/9/1995,1/1/9999,Senior Engineer
Leszek,Marchegay,1/3/1965,6/13/1999,1/1/9999,Engineer
Claudi,Heijenga,1/12/1965,8/30/1988,1/1/9999,Senior Staff
Ravishankar,Baig,1/3/1965,3/17/1992,1/1/9999,Senior Staff
Martijn,DiGiano,1/15/1965,6/15/1990,1/1/9999,Senior Engineer
Zengping,Cusworth,1/5/1965,6/7/1991,1/1/9999,Engineer
Navid,Luke,1/8/1965,10/17/1994,1/1/9999,Engineer
Mona,Hebden,1/4/1965,10/20/1995,1/1/9999,Engineer
Siddarth,Masada,1/6/1965,8/11/1997,1/1/9999,Staff
Aksel,Gire,1/7/1965,6/27/1999,1/1/9999,Engineer
Christfried,Atrawala,1/14/1965,11/29/1998,1/1/9999,Senior Staff
Marke,Klerer,1/23/1965,4/14/1990,1/1/9999,Senior Staff
Shaw,Kading,1/8/1965,7/16/1992,1/1/9999,Senior Staff
Vatsa,Ramsay,1/20/1965,6/16/2000,1/1/9999,Senior Staff
Heping,Skrikant,1/15/1965,11/27/1990,1/1/9999,Senior Staff
Kousuke,Worfolk,1/28/1965,3/22/1988,1/1/9999,Senior Staff
Irena,Cesareni,1/27/1965,10/30/1985,1/1/9999,Senior Staff
Prasadram,Bultermann,1/13/1965,10/25/1998,1/1/9999,Senior Engineer
Udi,Rullman,1/3/1965,4/9/1994,1/1/9999,Senior Engineer
Berna,Schonegge,1/18/1965,6/28/1998,1/1/9999,Staff
Eldridge,Kawashima,1/28/1965,2/27/1990,1/1/9999,Engineer
Heping,Peac,1/9/1965,3/20/1985,1/1/9999,Senior Staff
Oscar,Baumann,1/1/1965,1/22/1987,1/1/9999,Engineer
Van,Nations,1/25/1965,8/11/1986,1/1/9999,Technique Leader
Gaurav,Roison,1/31/1965,7/12/1991,1/1/9999,Senior Staff
Masako,Dechter,1/11/1965,9/25/1985,1/1/9999,Technique Leader
Ebru,Valtorta,1/23/1965,12/9/1992,1/1/9999,Engineer
Fay,Cochrane,1/11/1965,12/13/1999,1/1/9999,Staff
Hercules,Kabayashi,1/22/1965,6/10/1991,1/1/9999,Senior Engineer
DAIDA,Nooteboom,1/16/1965,11/24/1985,1/1/9999,Engineer
Takahiro,Dalton,1/22/1965,9/30/1992,1/1/9999,Technique Leader
Aram,Passino,1/29/1965,1/28/1995,1/1/9999,Senior Engineer
Dannz,Miara,1/17/1965,12/4/1992,1/1/9999,Engineer
Gennady,Rouquie,1/31/1965,8/24/1989,1/1/9999,Senior Staff
Aleksander,Schaaf,1/22/1965,1/10/2000,1/1/9999,Senior Staff
Kirk,Zongker,1/7/1965,12/10/1999,1/1/9999,Staff
Stabislas,Kakkad,1/22/1965,2/19/1989,1/1/9999,Senior Staff
Paris,Restivo,1/15/1965,11/21/1986,1/1/9999,Engineer
Make,Heuser,1/13/1965,7/2/1988,1/1/9999,Engineer
Martijn,Jeong,1/11/1965,12/14/1990,1/1/9999,Senior Staff
Kamakshi,Hebert,1/5/1965,1/17/1997,1/1/9999,Engineer
Shiv,Baezner,1/25/1965,12/17/1990,1/1/9999,Engineer
Shiv,Vilarrasa,1/5/1965,8/1/1990,1/1/9999,Engineer
Mong,Dichev,1/18/1965,10/11/1997,1/1/9999,Technique Leader
Mart,Talmor,1/16/1965,5/11/1999,1/1/9999,Staff
Chiradeep,Arlazarov,1/23/1965,10/6/1989,1/1/9999,Engineer
Haldun,Syang,1/12/1965,2/11/1997,1/1/9999,Staff
Jahangir,Bernatsky,1/30/1965,9/30/1995,1/1/9999,Senior Staff
Fumitaka,Quittner,1/27/1965,4/20/1988,1/1/9999,Senior Staff
Hinrich,Perin,2/1/1965,11/20/1985,1/1/9999,Engineer
Selwyn,Henseler,1/11/1965,3/9/1993,1/1/9999,Senior Engineer
Udo,Waymire,1/31/1965,6/14/1986,1/1/9999,Technique Leader
Gill,Orlowska,1/8/1965,12/25/1986,1/1/9999,Technique Leader
Saeed,Bahl,1/21/1965,1/29/1991,1/1/9999,Senior Staff
DAIDA,Frolund,1/10/1965,7/17/1987,1/1/9999,Engineer
Sedat,Rande,1/3/1965,3/25/1995,1/1/9999,Senior Staff
Chanjung,Raoux,1/23/1965,5/25/1992,1/1/9999,Engineer
Yuriy,Ponthieu,1/18/1965,12/11/1991,1/1/9999,Senior Staff
Jaihie,Ozeri,1/15/1965,6/21/1991,1/1/9999,Senior Staff
Jacopo,Krohm,1/2/1965,4/24/1991,1/1/9999,Engineer
Bedrich,Isard,1/25/1965,6/7/1986,1/1/9999,Senior Staff
Radhika,Bonifati,1/15/1965,3/11/1995,1/1/9999,Senior Staff
Subir,Miake,1/15/1965,1/9/1999,1/1/9999,Engineer
Arra,Esposito,1/22/1965,11/3/1994,1/1/9999,Staff
Taiji,Berstel,1/14/1965,12/2/1996,1/1/9999,Engineer
Shigeichiro,Brattka,1/7/1965,7/13/1996,1/1/9999,Senior Staff
Fei,Gadepally,1/5/1965,11/13/1988,1/1/9999,Assistant Engineer
Gou,Thombley,1/17/1965,11/7/1990,1/1/9999,Senior Engineer
Alair,Nanard,1/3/1965,2/10/1996,1/1/9999,Staff
Lobel,Aloia,1/29/1965,12/29/1994,1/1/9999,Senior Staff
Aran,Rosenbaum,1/6/1965,4/25/1991,1/1/9999,Senior Staff
Gao,Lally,1/3/1965,3/1/1996,1/1/9999,Staff
Berni,Takkinen,1/7/1965,6/8/1992,1/1/9999,Senior Staff
Chinya,Leslie,1/24/1965,10/28/1995,1/1/9999,Engineer
Arne,Kohling,1/15/1965,12/13/1985,1/1/9999,Engineer
Ewing,Rajala,1/13/1965,6/21/1996,1/1/9999,Senior Staff
Fai,Keirsey,1/11/1965,10/12/1994,1/1/9999,Engineer
Stein,Perng,1/23/1965,4/29/1993,1/1/9999,Senior Staff
Mohammed,Georg,1/24/1965,8/3/1998,1/1/9999,Engineer
Gina,Ossenbruggen,1/6/1965,1/3/1998,1/1/9999,Technique Leader
Nechama,Ermel,1/24/1965,6/5/1995,1/1/9999,Engineer
Xiaoqiu,Pietracaprina,1/22/1965,7/9/1994,1/1/9999,Senior Engineer
Kamakshi,Schusler,1/2/1965,5/25/1995,1/1/9999,Engineer
Mohan,Picht,1/1/1965,2/24/1991,1/1/9999,Engineer
Soenke,Zaumen,1/14/1965,2/22/1992,1/1/9999,Senior Staff
Luisa,Baig,1/9/1965,7/12/1996,1/1/9999,Engineer
Qiwen,Kriebel,1/8/1965,12/13/1987,1/1/9999,Senior Staff
Giao,DuCasse,1/28/1965,7/19/1991,1/1/9999,Engineer
Peer,Angelopoulos,1/1/1965,7/23/1989,1/1/9999,Engineer
Tetsurou,Schreiter,1/24/1965,7/17/1987,1/1/9999,Senior Staff
Shounak,Dratva,1/7/1965,1/5/1989,1/1/9999,Engineer
Gay,Plavsic,1/25/1965,8/6/1987,1/1/9999,Senior Staff
Jinpo,Heyers,1/20/1965,1/7/1999,1/1/9999,Staff
Sorina,Lakshmanan,1/15/1965,9/3/1994,1/1/9999,Staff
Xumin,Beidas,1/31/1965,4/27/1995,1/1/9999,Technique Leader
Xudong,Peck,1/13/1965,4/18/1988,1/1/9999,Senior Engineer
Berna,Ranst,1/24/1965,5/14/1985,1/1/9999,Engineer
Indrajit,Krogh,1/9/1965,9/18/1998,1/1/9999,Engineer
Florian,Siepmann,1/15/1965,12/21/1987,1/1/9999,Engineer
Foong,Gargeya,1/28/1965,1/24/1992,1/1/9999,Engineer
Jackson,Zielinski,2/1/1965,9/12/1997,1/1/9999,Senior Engineer
Arch,Picco,1/14/1965,10/22/1997,1/1/9999,Senior Staff
Florian,Tramer,1/23/1965,11/7/1999,1/1/9999,Engineer
Thanasis,Standera,1/11/1965,3/20/1985,1/1/9999,Senior Staff
George,Atchley,1/28/1965,7/2/1997,1/1/9999,Staff
Mabhin,Foote,1/6/1965,4/23/1999,1/1/9999,Engineer
Shahaf,Kitai,1/13/1965,12/26/1986,1/1/9999,Senior Staff
Ramya,Azadmanesh,1/17/1965,11/19/1988,1/1/9999,Engineer
Val,Rissanen,1/19/1965,11/20/1993,1/1/9999,Assistant Engineer
Pramod,Wendorf,1/21/1965,12/25/1998,1/1/9999,Engineer
Mohit,Verhaegen,1/14/1965,5/27/1992,1/1/9999,Senior Staff
Hirochika,Goldhammer,2/1/1965,3/12/1998,1/1/9999,Engineer
Adly,Hambrick,1/16/1965,7/25/1997,1/1/9999,Staff
Munehiko,Gihr,1/16/1965,12/6/1989,1/1/9999,Senior Staff
Yoshinari,Lanteri,1/7/1965,12/25/1996,1/1/9999,Engineer
Remzi,Mitzlaff,1/22/1965,4/6/1986,1/1/9999,Senior Staff
Shietung,Gelosh,1/18/1965,4/1/2001,1/1/9999,Engineer
Mrinalini,Mawatari,1/10/1965,1/3/1996,1/1/9999,Staff
Sumali,Cooman,1/3/1965,4/18/1993,1/1/9999,Senior Staff
Paloma,Gerlach,1/12/1965,7/26/1988,1/1/9999,Engineer
Somnath,Cummings,1/5/1965,7/10/1994,1/1/9999,Senior Staff
Itzchak,Penn,1/6/1965,1/21/1999,1/1/9999,Staff
Jinxi,Schmiedel,1/15/1965,9/21/1990,1/1/9999,Senior Staff
Ramya,Rossi,1/9/1965,9/2/2001,1/1/9999,Senior Engineer
Jaber,Sethi,1/11/1965,6/11/2000,1/1/9999,Technique Leader
Alenka,Barriga,1/28/1965,5/6/1988,1/1/9999,Senior Staff
Huiqun,Henders,1/20/1965,5/19/1993,1/1/9999,Senior Staff
Abdelghani,Nyrup,1/22/1965,8/2/1986,1/1/9999,Senior Staff
Stafford,Gist,1/29/1965,5/7/1988,1/1/9999,Engineer
Tokuyasu,Ghelli,1/19/1965,5/5/1985,1/1/9999,Engineer
Vidar,Gunderson,1/18/1965,3/18/1996,1/1/9999,Senior Staff
Shahid,Varman,1/30/1965,8/27/1985,1/1/9999,Senior Staff
Mrinalini,Gire,1/5/1965,11/9/1992,1/1/9999,Senior Staff
Lakshmi,Frijda,1/6/1965,4/21/1990,1/1/9999,Engineer
Kwan,Kampfer,1/1/1965,10/16/1998,1/1/9999,Staff
Herb,Picht,1/12/1965,5/31/1985,1/1/9999,Assistant Engineer
Temple,Danlos,1/31/1965,6/13/1994,1/1/9999,Senior Staff
Hiroyasu,Strandh,1/5/1965,6/5/1989,1/1/9999,Senior Staff
Bezalel,Verhoeff,1/26/1965,3/22/1988,1/1/9999,Engineer
Yechezkel,Nourani,1/23/1965,8/1/1991,1/1/9999,Senior Staff
Boalin,Birsak,1/26/1965,10/16/1995,1/1/9999,Senior Staff
Przemyslawa,Borovoy,1/5/1965,6/18/1993,1/1/9999,Senior Staff
Nahum,Lambe,1/18/1965,8/31/1989,1/1/9999,Technique Leader
Mariusz,Rikino,1/7/1965,4/13/1995,1/1/9999,Engineer
Margareta,Bondorf,1/13/1965,11/7/1988,1/1/9999,Engineer
Kiyotoshi,Hennebert,1/17/1965,3/6/2001,1/1/9999,Staff
Sivanarayana,Chandrasekhar,1/2/1965,1/24/1996,1/1/9999,Senior Staff
Tsuneo,Skrikant,1/3/1965,10/21/1997,1/1/9999,Staff
Huei,Saoudi,1/12/1965,8/10/1994,1/1/9999,Technique Leader
Kamakshi,Huhdanpaa,1/25/1965,8/26/1993,1/1/9999,Engineer
Ranga,Lemarechal,1/18/1965,11/5/1989,1/1/9999,Engineer
Baziley,Brookner,1/27/1965,9/22/1993,1/1/9999,Engineer
Nadjib,Comellas,1/21/1965,1/22/1999,1/1/9999,Engineer
Baruch,Basawa,1/17/1965,9/17/1993,1/1/9999,Engineer
Weiyi,Codenie,1/23/1965,5/27/1989,1/1/9999,Engineer
Aiman,Wilfing,1/12/1965,12/30/1990,1/1/9999,Engineer
Hongzhu,Ruemmler,1/25/1965,6/6/2000,1/1/9999,Engineer
Halsur,Ibel,1/24/1965,3/5/1998,1/1/9999,Staff
Neven,Rikino,1/7/1965,10/21/1988,1/1/9999,Engineer
Arif,Stranks,1/30/1965,11/16/1992,1/1/9999,Senior Engineer
Hein,Jonsson,1/23/1965,2/12/1985,1/1/9999,Senior Staff
Reuven,Oehlmann,1/13/1965,3/29/1986,1/1/9999,Senior Staff
Zhiguo,Staudhammer,2/1/1965,12/3/1985,1/1/9999,Engineer
Nigel,Zirintsis,2/1/1965,7/23/1999,1/1/9999,Engineer
Feiyu,Decleir,1/17/1965,9/13/1998,1/1/9999,Technique Leader
Basem,Lortz,1/22/1965,10/25/1997,1/1/9999,Staff
Arun,Zaccaria,1/14/1965,5/31/1990,1/1/9999,Assistant Engineer
Kazuhiko,Marshall,1/27/1965,6/4/2001,1/1/9999,Staff
Godehard,Chinal,1/26/1965,12/9/1995,1/1/9999,Assistant Engineer
Yahiko,Sommen,1/25/1965,8/14/1996,1/1/9999,Senior Staff
Jungsoon,Gubsky,1/31/1965,10/9/1990,1/1/9999,Senior Engineer
Zhenbing,Ibel,1/23/1965,10/29/1985,1/1/9999,Senior Engineer
Weidon,Fordan,1/29/1965,3/27/1986,1/1/9999,Senior Engineer
Hugo,Sgarro,1/1/1965,4/24/1992,1/1/9999,Senior Staff
Khaled,Penn,1/12/1965,5/19/1992,1/1/9999,Senior Staff
Pantung,Reeker,1/6/1965,5/11/1992,1/1/9999,Senior Staff
Avishai,Majewski,1/16/1965,1/10/1998,1/1/9999,Engineer
Sugwoo,Eugenio,1/29/1965,3/2/1994,1/1/9999,Senior Staff
Mayuko,Clouatre,1/7/1965,9/4/1997,1/1/9999,Engineer
Zongyan,Shackel,1/10/1965,8/17/1987,1/1/9999,Technique Leader
Genevieve,Snedden,1/31/1965,10/21/1988,1/1/9999,Senior Engineer
Fumiyo,Feinberg,1/10/1965,2/12/2000,1/1/9999,Senior Staff
Christophe,Leaver,1/15/1965,10/31/1998,1/1/9999,Staff
Shigeaki,Lanteri,1/14/1965,2/17/1989,1/1/9999,Engineer
Rimon,Pietracaprina,1/2/1965,7/10/1985,1/1/9999,Engineer
Girolamo,Schlumberger,1/3/1965,3/7/1993,1/1/9999,Senior Staff
Khun,Spieker,1/4/1965,5/7/1995,1/1/9999,Engineer
Reinhold,Binkley,1/31/1965,5/29/1995,1/1/9999,Engineer
Doohun,Preusig,1/9/1965,4/28/1993,1/1/9999,Technique Leader
Terresa,Vigier,1/1/1965,7/8/1998,1/1/9999,Staff
Marit,Paludetto,1/23/1965,9/30/1990,1/1/9999,Engineer
Bluma,Mundy,1/18/1965,10/18/1991,1/1/9999,Engineer
Fumino,Narahara,1/6/1965,9/21/1991,1/1/9999,Engineer
Doowon,Schoegge,1/22/1965,4/13/1995,1/1/9999,Assistant Engineer
Djenana,Erol,1/2/1965,12/3/1999,1/1/9999,Engineer
Yuichiro,Bale,1/15/1965,11/4/1997,1/1/9999,Technique Leader
Arun,Katzenelson,1/3/1965,10/28/1991,1/1/9999,Engineer
Shaw,Borovoy,1/18/1965,5/11/1991,1/1/9999,Senior Staff
Pradeep,Valiente,1/30/1965,9/19/1992,1/1/9999,Engineer
Hidekazu,Perna,1/20/1965,11/8/1999,1/1/9999,Staff
Ewing,Kalorkoti,1/3/1965,12/21/1996,1/1/9999,Engineer
Randi,Tomescu,1/18/1965,11/25/1986,1/1/9999,Assistant Engineer
Kayoko,Bahi,1/19/1965,2/19/1997,1/1/9999,Staff
Masamitsu,Murrill,1/6/1965,6/23/1999,1/1/9999,Senior Staff
Sukumar,Georg,1/26/1965,8/26/1990,1/1/9999,Senior Staff
Suebskul,Menhardt,1/31/1965,7/26/1994,1/1/9999,Engineer
Uinam,Rahier,1/3/1965,2/10/1991,1/1/9999,Senior Staff
Gaurav,Cheshire,1/18/1965,3/30/1989,1/1/9999,Technique Leader
Deniz,Bennis,1/1/1965,6/24/1989,1/1/9999,Engineer
Weiru,Burnard,1/16/1965,10/15/1990,1/1/9999,Senior Staff
Shigehiro,Haldar,1/8/1965,12/14/1991,1/1/9999,Senior Staff
Luisa,Chelton,1/31/1965,8/13/1998,1/1/9999,Assistant Engineer
Teiji,Marrakchi,1/27/1965,8/26/1986,1/1/9999,Senior Engineer
Haldun,Erie,1/22/1965,1/1/1999,1/1/9999,Senior Engineer
Kwangyoen,Peck,1/26/1965,1/16/1994,1/1/9999,Engineer
Jayson,Zockler,1/23/1965,11/6/1999,1/1/9999,Staff
Jouni,Conia,1/3/1965,10/31/1994,1/1/9999,Senior Staff
Shaunak,Brizzi,1/29/1965,9/2/1988,1/1/9999,Assistant Engineer
Aral,Hebden,1/16/1965,9/10/1991,1/1/9999,Senior Staff
Duke,Journel,1/26/1965,10/26/1991,1/1/9999,Senior Staff
Rosita,Pokrovskii,1/10/1965,8/3/1996,1/1/9999,Senior Staff
Hausi,Kamber,1/22/1965,2/16/1988,1/1/9999,Engineer
Marek,Mitchem,1/22/1965,11/20/1992,1/1/9999,Senior Engineer
Sham,Kavanagh,1/3/1965,12/18/1997,1/1/9999,Assistant Engineer
Dung,Tanemo,1/24/1965,1/28/1990,1/1/9999,Senior Staff
Manton,Lueh,1/5/1965,4/7/1989,1/1/9999,Senior Staff
Perry,Cooman,1/5/1965,4/23/1987,1/1/9999,Senior Staff
Herbert,Hammerschmidt,1/26/1965,8/22/1996,1/1/9999,Engineer
Phule,Ruemmler,1/16/1965,8/9/1990,1/1/9999,Engineer
Gladys,Parhami,1/14/1965,7/20/1996,1/1/9999,Senior Staff
Keiichiro,Armand,1/1/1965,12/14/1986,1/1/9999,Assistant Engineer
Rafael,Menhoudj,1/30/1965,4/27/1997,1/1/9999,Senior Engineer
Munehiro,Iwayama,1/18/1965,12/16/1986,1/1/9999,Engineer
Yoshimitsu,Litvinov,1/27/1965,11/22/1997,1/1/9999,Senior Staff
Mahmut,Bolotov,1/29/1965,2/21/1997,1/1/9999,Engineer
Yefim,Bernardeschi,1/11/1965,6/26/1996,1/1/9999,Senior Staff
Geoffrey,Siochi,1/5/1965,12/27/1998,1/1/9999,Senior Engineer
Yagil,Remmers,1/18/1965,11/1/1994,1/1/9999,Senior Staff
Matt,Ruemmler,1/1/1965,10/14/1993,1/1/9999,Engineer
Tonny,Kropf,1/6/1965,7/30/1986,1/1/9999,Engineer
Zhigen,Raney,1/22/1965,5/26/1993,1/1/9999,Senior Staff
Uno,Jayawardene,1/20/1965,11/2/1987,1/1/9999,Senior Staff
Ekawit,Schaft,1/5/1965,5/20/1990,1/1/9999,Senior Staff
Francoise,Hegner,1/24/1965,12/23/1997,1/1/9999,Senior Staff
Denis,Narlikar,1/5/1965,7/1/1991,1/1/9999,Senior Staff
Kensyu,Tsunoo,1/30/1965,12/5/1999,1/1/9999,Engineer
Breannda,Maquelin,1/22/1965,4/12/1996,1/1/9999,Senior Staff
Georgy,Bennis,1/25/1965,4/11/1998,1/1/9999,Engineer
Jiong,Zultner,1/27/1965,3/10/1993,1/1/9999,Senior Engineer
Mihalis,Remmers,1/16/1965,3/1/1990,1/1/9999,Senior Staff
Nimmagadda,Baja,1/23/1965,2/9/1994,1/1/9999,Senior Staff
Wuxu,Garigliano,1/12/1965,9/21/1990,1/1/9999,Senior Staff
Kendra,Junet,1/18/1965,11/12/1992,1/1/9999,Senior Staff
Matk,Chorvat,1/14/1965,12/4/1999,1/1/9999,Senior Staff
Kersti,Miculan,1/1/1965,6/9/1992,1/1/9999,Senior Staff
Satoru,Janetzko,1/28/1965,7/26/1997,1/1/9999,Assistant Engineer
Lalit,Lindqvist,1/1/1965,11/7/1998,1/1/9999,Engineer
Luise,Vigier,1/27/1965,7/1/1994,1/1/9999,Engineer
Zita,Reistad,1/1/1965,7/23/1998,1/1/9999,Senior Engineer
Younwoo,Samarati,1/19/1965,5/18/2002,1/1/9999,Senior Engineer
Kwangsub,Keirsey,1/6/1965,2/4/1992,1/1/9999,Senior Engineer
Panayotis,Hempstead,1/14/1965,8/29/1994,1/1/9999,Senior Engineer
Gill,Varman,1/16/1965,6/18/1988,1/1/9999,Senior Staff
Charmane,Pargas,1/21/1965,8/3/1992,1/1/9999,Engineer
Gadiel,Perly,1/1/1965,10/20/1986,1/1/9999,Senior Staff
Valeska,Cools,1/10/1965,12/16/1993,1/1/9999,Senior Staff
Udo,Ratnakar,1/11/1965,11/30/1999,1/1/9999,Staff
Heekeun,Verhaegen,1/16/1965,9/28/1991,1/1/9999,Senior Engineer
Sanjoy,Porenta,1/30/1965,7/10/1997,1/1/9999,Engineer
Goetz,McAffer,1/26/1965,2/5/1988,1/1/9999,Engineer
Hironoby,Jakobus,1/23/1965,7/30/1991,1/1/9999,Senior Staff
Muzhong,Berztiss,1/31/1965,1/23/1995,1/1/9999,Senior Staff
Sachem,Msuda,1/31/1965,4/7/1995,1/1/9999,Engineer
Leni,Kropatsch,1/14/1965,7/17/1997,1/1/9999,Senior Engineer
Morrie,Iisaku,1/16/1965,5/6/1991,1/1/9999,Senior Staff
Phule,Dahlbom,1/10/1965,2/6/1989,1/1/9999,Engineer
Masasuke,Koprowski,1/10/1965,11/20/1996,1/1/9999,Staff
Yongmao,Pouyioutas,1/4/1965,8/24/1989,1/1/9999,Senior Staff
Pranjal,Reinhard,1/7/1965,5/8/1995,1/1/9999,Staff
Giordano,Maquelin,1/3/1965,12/31/1999,1/1/9999,Senior Engineer
Danco,Debuse,1/30/1965,9/10/1993,1/1/9999,Senior Staff
Oldrich,Adachi,1/23/1965,8/9/1998,1/1/9999,Engineer
Sanjiv,Bressoud,1/2/1965,4/27/1993,1/1/9999,Engineer
Fayez,Keohane,1/6/1965,9/19/1990,1/1/9999,Senior Staff
Paris,Lieblein,1/30/1965,5/19/1999,1/1/9999,Engineer
Shuho,Laurillard,1/29/1965,10/6/1999,1/1/9999,Technique Leader
Caolyn,Marciano,1/19/1965,6/6/1999,1/1/9999,Senior Engineer
Naraig,Docker,1/30/1965,5/17/1997,1/1/9999,Staff
Geraldo,Gerteisen,1/17/1965,6/5/1987,1/1/9999,Senior Staff
Florian,Pezzoli,1/9/1965,7/22/1988,1/1/9999,Senior Staff
Sanjay,Ciolek,1/16/1965,12/13/1989,1/1/9999,Senior Staff
Arumugam,Pelc,1/9/1965,11/13/1999,1/1/9999,Senior Engineer
Nechama,Kandlur,1/13/1965,1/16/1995,1/1/9999,Engineer
Padma,Delgrange,1/29/1965,8/27/1999,1/1/9999,Senior Staff
Danae,Honglei,1/11/1965,9/14/1998,1/1/9999,Engineer
Baoqiu,Kakkar,1/14/1965,8/30/1999,1/1/9999,Engineer
